house_id,bedrooms,bathrooms,sqft_living,sqft_lot,floors,waterfront,view,condition,grade,sqft_above,sqft_basement,yr_built,yr_renovated,zipcode,lat,long,price
1,4,3.8,2590,1359,1.5,0,3,5,4,2148,646,1902,0,98023,47.60309676871207,-121.89940334409084,1139121
2,5,2.7,3956,2141,1.5,0,1,1,10,1569,0,2001,0,98105,47.57888237954903,-121.98427484536074,1447640
3,3,3.1,907,2635,3.0,0,0,5,11,773,560,1903,0,98163,47.6256680529001,-122.34907365584246,776567
4,5,3.8,3211,5000,3.0,0,0,4,12,2755,1119,1987,0,98067,47.37703786623654,-122.22049052078195,1630925
5,5,3.1,3588,4361,2.5,0,1,5,6,2452,712,1930,0,98034,47.62326754939036,-122.14447405332811,1500493
6,2,1.5,2168,7583,3.0,0,3,1,8,2384,412,1944,1996,98033,47.391325809371885,-121.93285590534767,1045097
7,3,2.7,647,8835,2.0,0,1,1,12,623,537,1958,0,98046,47.675261990348375,-121.91261487782569,571201
8,3,2.8,2824,1006,1.5,0,2,1,10,1852,428,1944,0,98081,47.469543806631336,-121.86319718166456,1048059
9,3,2.3,731,4267,3.0,0,0,1,11,3090,234,2022,0,98173,47.65494771669072,-122.14352832464799,506989
10,5,3.2,2450,7564,2.0,0,2,3,7,2191,348,1974,0,98147,47.323932799453054,-122.01400767749489,973677
11,4,3.8,865,5928,2.0,0,1,5,8,2607,395,1936,0,98087,47.50393001279545,-122.42173974013625,641841
12,3,3.8,3799,3606,2.0,0,1,2,6,3446,1374,1964,0,98015,47.65251726113166,-122.10429772803221,1177688
13,5,2.4,2174,6906,2.0,0,3,5,7,3433,415,1908,0,98123,47.41343525816574,-122.32591573337021,1160803
14,2,1.3,935,4273,2.5,0,3,3,9,3329,915,1916,0,98121,47.69764352239861,-122.19779818048137,624247
15,4,4.0,898,8611,2.0,0,3,1,11,941,1074,2017,0,98078,47.61538986655246,-122.0561646441853,770260
16,2,3.5,1734,1913,2.5,0,2,3,12,1740,80,1964,0,98066,47.593780886074896,-122.32010984350235,1143001
17,4,1.4,1914,3011,2.5,0,3,4,8,1410,35,1902,1996,98039,47.476774427102164,-122.46347045954226,1087903
18,5,3.8,3046,2442,2.0,0,1,4,8,1525,1090,2010,1996,98018,47.54122573519056,-122.49283630051387,1451789
19,1,3.6,3087,6546,1.5,0,3,5,10,2059,640,1925,1996,98198,47.598674650488924,-122.48448832511883,1666068
20,4,2.6,1062,2829,2.0,0,0,5,6,2241,881,1952,0,98187,47.53623105695744,-122.49415518374036,620368
21,2,2.8,2989,9767,2.0,0,3,2,5,3379,756,1930,0,98160,47.649156661970274,-122.42275146040949,931087
22,5,2.2,1784,7468,2.0,0,2,2,9,2234,622,1925,0,98021,47.516848466553476,-122.33235789980091,811750
23,4,1.2,1272,1929,1.5,0,0,4,7,1125,467,1922,1996,98168,47.40113659087101,-122.34514494007239,796187
24,1,2.0,2897,4699,1.0,0,0,1,4,2190,1165,1929,0,98027,47.40696689140052,-121.80924238407407,702413
25,1,3.4,2537,2054,1.0,1,0,3,4,1497,355,1909,0,98002,47.302901884421466,-122.28579572635374,1001759
26,3,1.0,3923,6744,2.5,0,2,2,8,3281,708,1971,0,98097,47.45047885777933,-122.41080545164841,1350629
27,3,2.0,3067,2900,2.5,0,1,2,10,590,1494,2007,0,98039,47.67445882023926,-122.11810621908256,1077141
28,2,2.2,1843,7980,1.5,0,3,1,3,2714,1019,1988,0,98056,47.6970813544188,-121.89942978122174,499012
29,4,2.6,2685,8069,3.0,0,0,1,8,706,901,1963,0,98107,47.40123377104787,-122.02535773624862,1041709
30,4,3.8,2073,4415,1.0,0,0,5,4,1588,672,1921,0,98127,47.7795219984357,-122.29274253760518,995583
31,3,2.0,1491,1442,2.5,0,0,3,4,2411,438,1914,0,98013,47.55120139674006,-122.10686868814598,630295
32,4,2.0,2915,7218,1.0,0,1,1,9,1015,530,2022,0,98126,47.758489374509246,-121.99960081805972,990997
33,4,3.2,3791,5652,1.5,0,1,2,12,1680,126,2004,0,98184,47.653382640930815,-121.99032685534257,1388484
34,1,2.4,3908,8939,1.5,0,2,2,3,2292,204,1955,1996,98194,47.6612167115112,-122.03342308129162,1439421
35,3,1.7,1746,8833,3.0,0,1,4,8,3294,28,2020,0,98056,47.34252181065303,-121.89043270265707,885813
36,5,2.4,859,8597,3.0,0,3,1,9,2853,444,1973,0,98028,47.40999556344846,-121.89092617915912,491390
37,3,1.4,1420,5458,1.5,0,2,5,10,2401,965,1919,0,98064,47.30440741664724,-122.0947444084151,982323
38,5,1.5,2876,7591,2.5,1,2,3,9,2505,463,2004,0,98071,47.65806382023837,-122.19910054162214,1185808
39,1,2.5,3509,3309,1.0,0,3,5,8,894,1303,1946,0,98192,47.47221914421425,-122.05090079310443,1626236
40,2,2.3,3010,7268,2.0,0,3,2,11,1597,150,1986,0,98184,47.69332625803817,-121.92725159904067,1216429
41,4,3.7,3493,1910,3.0,0,3,5,5,686,239,1952,0,98169,47.46946810996851,-122.49604352661117,1476262
42,1,2.1,1462,5340,2.0,1,2,2,8,2097,265,1952,0,98119,47.70966687614943,-121.8056020936896,831121
43,4,2.7,2327,5009,2.5,0,2,2,6,2091,1128,1900,1996,98100,47.36534912687415,-122.37197435936956,968280
44,2,2.9,3953,7628,3.0,0,2,2,4,3170,1456,1901,0,98041,47.38668657837875,-122.17082571003802,1184179
45,2,1.0,3383,3169,2.0,0,3,2,3,1229,912,1957,0,98004,47.47043826979196,-121.88957918560999,946145
46,1,3.0,2113,3172,2.5,0,3,2,3,739,496,1918,0,98185,47.504243694441136,-122.34247172066905,644362
47,2,1.5,2140,6668,1.0,0,0,4,12,3080,1463,1961,1996,98158,47.47435140542149,-122.16624334326973,1211014
48,5,3.9,2716,7313,2.5,0,1,5,5,640,684,1977,0,98088,47.68182351626161,-122.40719247387318,1225269
49,2,1.4,716,9315,3.0,0,0,4,6,638,157,1971,0,98084,47.34847569631336,-122.22344657222827,516296
50,4,2.2,877,9036,1.5,0,3,4,4,3006,171,2001,0,98046,47.47560850981924,-122.3760051816449,411201
51,4,1.3,618,7789,1.0,0,2,1,3,569,493,1911,0,98184,47.71861999975773,-122.24546057586019,258656
52,4,4.0,689,1785,2.0,0,3,1,6,884,969,1925,0,98159,47.33339853863108,-122.2385750482451,414241
53,4,2.5,3314,7139,3.0,0,1,1,9,1129,1334,1926,0,98088,47.771171753835674,-121.80478044728116,1154742
54,5,2.8,869,7344,1.5,0,0,3,12,2745,1426,1928,0,98007,47.793158421136006,-121.80363087948736,763678
55,3,1.2,2301,3416,2.5,0,0,1,8,704,675,1914,0,98077,47.34428408691254,-122.41964960493758,828967
56,1,3.2,2696,9988,1.5,0,2,5,8,2249,658,1945,1996,98182,47.445636261127866,-121.99182185447016,1370747
57,4,1.6,1151,5154,3.0,0,0,4,11,1067,902,2016,0,98136,47.48620033301768,-122.46377816423163,715587
58,2,3.7,2382,6619,3.0,0,0,5,4,1481,665,1900,0,98183,47.68819568432636,-122.47886558926396,915980
59,4,1.6,2011,2936,1.5,0,3,1,6,1304,1486,1959,0,98197,47.59796340605836,-122.42626627402852,783661
60,2,1.6,1269,4807,2.5,0,0,3,7,2210,366,2006,0,98172,47.62218285024628,-121.82416004009444,609070
61,2,1.1,2921,8151,1.5,0,0,3,3,3406,549,1991,0,98141,47.67875491140925,-121.84139551647371,815713
62,4,2.4,1280,4236,3.0,0,0,4,10,1381,642,1956,0,98093,47.35898949971851,-122.36425052580353,760832
63,5,2.7,2216,3352,3.0,0,2,5,10,2535,254,1902,0,98020,47.71660472845513,-122.3868293651124,1303374
64,2,1.2,2707,2932,2.0,0,2,2,8,1473,207,2014,0,98078,47.65280990209007,-122.33162543943884,992998
65,2,3.3,2898,9556,2.0,0,3,5,7,1139,449,1917,0,98160,47.588670862598185,-122.1391171041474,1222545
66,4,2.4,1811,5916,1.0,0,0,1,10,1954,94,1951,0,98188,47.744867667391524,-122.10120675757521,760330
67,2,2.6,3859,6498,3.0,0,2,2,5,824,838,1959,0,98178,47.6501531769419,-122.34488459869239,1269136
68,2,2.3,3439,1946,2.0,0,2,3,5,941,477,1933,0,98027,47.40084998131551,-121.97036404833703,1359160
69,4,2.2,1749,2439,1.5,0,3,4,4,1303,682,1995,0,98120,47.51487269053783,-122.28331278141815,845335
70,4,2.7,1022,8730,2.5,1,1,4,7,2835,761,1992,0,98025,47.54702143346786,-121.8545080721294,613838
71,1,1.5,1021,5857,1.5,0,0,3,5,725,189,1988,0,98052,47.3276088133752,-122.04029410548029,496804
72,5,1.5,1282,1340,2.5,0,2,1,5,1587,710,1959,1996,98196,47.777318756680025,-122.19455416398748,605286
73,5,3.6,2820,1382,2.0,0,3,3,8,1466,755,1925,0,98021,47.364288630398434,-121.947061598808,1075783
74,2,3.8,1435,9491,1.0,0,3,1,10,3485,1446,2002,0,98018,47.64873063361336,-121.92745976176734,652724
75,5,2.1,3973,1138,1.5,0,3,2,4,1059,835,1971,0,98039,47.55311551804544,-122.29666287607374,1309518
76,2,1.8,2730,1358,1.5,0,2,3,6,1213,132,1918,0,98015,47.31281612494221,-122.26219981931474,971030
77,1,2.9,2188,5931,1.5,0,0,1,9,997,54,2017,0,98053,47.76237373793218,-121.84483139238998,735984
78,4,2.2,987,4456,2.5,0,1,2,3,3396,509,2010,0,98038,47.72591840440946,-122.3846812731457,440395
79,4,1.1,2350,2627,2.0,0,0,3,3,3473,669,2005,0,98176,47.56212896395191,-122.47049470812594,859168
80,4,1.5,1345,7626,1.5,0,3,4,12,2607,409,1921,1996,98052,47.41447116806972,-122.18216127417331,992253
81,5,3.1,2671,6004,1.5,0,3,3,9,756,1234,1992,0,98072,47.36081144534005,-121.93915306982946,1203268
82,1,3.0,3532,7652,1.0,0,1,5,9,1076,1316,1932,0,98028,47.48169623971606,-121.95983232558248,1715640
83,5,1.1,3337,7416,1.0,0,0,3,3,2786,986,1937,1996,98144,47.427714140523044,-121.85632855976101,1230128
84,5,1.7,2961,4170,2.0,0,3,5,3,537,733,2008,1996,98118,47.55334560050315,-122.12675953494167,1274362
85,1,1.7,2503,4835,2.0,0,3,2,6,2572,1138,2009,0,98144,47.78320464806171,-122.42995472990343,917391
86,1,3.0,2248,9017,3.0,0,0,3,7,909,258,1934,0,98035,47.58747674661482,-122.08791771796479,865288
87,1,1.1,3743,3151,1.0,0,3,2,7,960,1145,2006,1996,98145,47.74496552794505,-121.95512306995275,1200792
88,1,1.3,3859,7905,3.0,0,0,2,6,1940,298,1966,0,98099,47.62543941874789,-122.43467031581112,1196412
89,4,3.4,1185,3834,2.5,0,3,1,10,2904,1404,1982,0,98052,47.5376232632936,-122.37913981923168,697608
90,3,1.5,2660,3567,3.0,0,0,2,9,882,560,1909,1996,98140,47.727303781366686,-122.49139653719104,1168223
91,3,3.0,3435,2307,1.5,0,1,2,11,2332,296,1990,0,98083,47.5356840550865,-122.08444319438723,1348862
92,1,1.7,2669,9848,3.0,0,3,3,9,1068,361,1914,0,98048,47.73431408525518,-121.87928592563786,1127088
93,3,1.3,2067,3660,2.0,0,1,3,12,1571,588,1910,0,98022,47.44578838478788,-122.03053567879853,1046074
94,3,1.7,1745,4730,2.5,0,3,4,3,932,1486,2010,0,98123,47.36440653688149,-121.8125719386863,779076
95,1,3.2,538,7207,1.5,0,3,1,9,555,1461,1989,1996,98127,47.727657232181464,-122.45587644325016,454896
96,3,3.6,3044,4162,3.0,0,2,2,3,3124,126,2022,0,98177,47.59370758189633,-121.86789924039395,1073018
97,5,3.5,1279,2140,2.5,0,0,1,9,2815,196,1923,1996,98052,47.74454619912448,-121.93015219882932,657778
98,2,2.2,1756,9458,2.5,0,1,5,12,2616,220,1976,0,98079,47.76891360349619,-122.28003093565034,1038207
99,2,3.0,3490,2708,1.5,0,1,2,10,2251,994,1995,0,98129,47.32681419518572,-121.81853141371393,1370667
100,1,1.6,2696,4630,3.0,0,1,1,11,2547,90,2000,0,98066,47.550484650929434,-122.29844357628001,1016177
101,4,1.9,3968,4211,2.5,0,0,4,5,1401,410,1903,0,98064,47.487482274537264,-121.87748669332025,1542397
102,1,3.7,3569,7538,2.5,0,2,4,6,2124,7,1912,1996,98008,47.612929198535056,-121.88347599604806,1298113
103,4,1.0,3208,1475,1.0,0,1,2,6,3340,543,1972,0,98025,47.696795598601156,-121.96963966837792,919005
104,2,1.3,2427,8684,2.5,0,0,5,11,756,467,1956,0,98194,47.44029510798718,-122.105570668331,1146473
105,1,1.6,801,2207,1.0,0,3,4,9,1171,319,2012,0,98198,47.57839919218658,-122.41599807526818,599711
106,5,1.1,3931,2960,3.0,0,1,4,5,989,1417,1997,0,98094,47.65436428995245,-122.12761978585245,1575990
107,3,1.5,2785,1557,3.0,0,1,5,12,3293,268,2019,0,98179,47.36721554141786,-122.25024262104155,1540559
108,4,2.7,1146,1882,3.0,0,2,1,7,2596,1214,1936,0,98181,47.70703345297563,-121.94544807679125,552106
109,3,2.3,1162,5761,2.0,0,1,4,9,2182,60,1947,0,98015,47.60305479992648,-121.96930955545221,760988
110,3,3.7,2783,6867,3.0,0,1,3,10,815,1461,1970,0,98178,47.77476871855682,-121.86257124483917,1348101
111,1,3.5,2259,7963,2.5,0,3,4,3,2960,1287,1900,0,98199,47.46976445956535,-122.4896188862978,925559
112,3,2.0,2750,8166,1.5,0,0,1,4,933,796,1959,0,98122,47.3540729711686,-121.93362774822387,904173
113,5,1.8,755,8929,1.0,0,0,1,9,1525,1118,2021,0,98075,47.55325060051846,-121.84307656281273,470830
114,3,2.1,1097,6347,2.0,0,2,2,4,2475,552,1911,0,98104,47.34290538585471,-121.94748968562429,576650
115,1,2.8,1161,8269,3.0,0,3,3,9,2479,925,1920,0,98038,47.784763261662,-122.40886387809074,785040
116,5,1.8,734,9125,3.0,1,0,1,11,1889,1493,1910,0,98168,47.31934247912859,-122.44310462661137,638972
117,2,2.9,1868,3454,1.5,0,3,5,4,919,660,1943,0,98194,47.67675195055365,-122.48540833213461,871197
118,3,2.2,3081,5494,1.5,0,0,3,9,2096,715,2014,1996,98115,47.562551199071116,-122.05987834192035,1633845
119,1,2.7,3407,2946,2.0,0,3,3,6,2084,778,1957,0,98039,47.484310326249144,-122.05922914369808,1191841
120,2,2.3,1269,3808,1.0,0,2,5,4,1343,193,2007,0,98108,47.33292108225432,-121.80916040004725,705989
121,2,1.9,3088,7642,3.0,0,1,4,9,1967,481,1943,0,98017,47.6110834620868,-122.22136977812713,1298792
122,4,3.8,712,4825,2.0,0,2,5,7,3463,1359,1977,0,98135,47.59261016469547,-122.26766560057175,580867
123,5,3.3,962,4536,2.5,1,0,5,3,933,1458,1997,0,98118,47.4404416365338,-122.06290255097092,806917
124,3,1.4,2983,7068,2.5,0,2,4,7,3190,1219,1933,0,98039,47.75511085070515,-121.92207392924468,1241341
125,1,3.6,782,4802,2.0,0,1,4,5,2078,854,1924,0,98196,47.45205500367142,-121.8442582353339,526051
126,4,2.5,1986,5699,3.0,0,2,4,9,2604,1272,1903,0,98035,47.52486270529605,-121.93781308367467,1123326
127,5,3.7,1930,2970,2.0,0,0,4,8,1463,497,1963,0,98051,47.571881227959324,-122.20132821356894,1045537
128,4,3.4,587,6806,3.0,0,0,4,10,1476,211,2015,0,98047,47.35011593908814,-122.05556003528156,687916
129,5,2.3,1567,7142,1.5,0,2,5,7,545,664,2018,0,98036,47.76608085960682,-121.90059047129871,964130
130,5,1.1,960,3819,2.0,0,1,2,4,1693,669,1989,0,98064,47.48726807622552,-122.15657321818178,536766
131,3,1.8,2825,1364,3.0,0,2,2,11,916,1489,1915,0,98095,47.340389606937165,-122.34831934940622,1106742
132,5,2.6,2968,5258,2.0,0,1,1,10,1347,220,1909,0,98105,47.493645586837665,-122.38119359217649,1096540
133,4,2.9,2224,4119,2.0,0,3,2,8,2686,272,2008,0,98013,47.60010127354629,-122.49988957879536,1001948
134,5,1.8,1876,2863,3.0,0,1,2,12,746,1177,1965,0,98146,47.556826335910664,-121.99723340351309,899349
135,3,1.4,3243,1115,3.0,0,3,5,9,729,1272,1934,0,98149,47.647270987018636,-122.42223195380781,1624814
136,3,3.5,1014,8084,1.0,0,2,4,11,1291,278,1982,1996,98112,47.32774197103395,-122.32931263021284,886774
137,4,4.0,1202,9016,2.0,0,1,4,9,1136,1463,1905,0,98065,47.44227030513603,-122.29148656793404,863782
138,2,2.6,2153,3384,2.5,1,3,5,5,2921,815,1918,0,98008,47.709615288420046,-122.10773409790426,1210128
139,2,1.5,2566,4935,2.0,0,3,2,8,1237,275,1958,0,98048,47.339946843895675,-122.22142990589296,871595
140,5,1.8,522,8742,2.0,0,3,5,9,1588,1004,1952,0,98085,47.72774297734797,-122.02772820558378,703410
141,1,1.1,2960,6442,3.0,0,0,1,4,587,513,2015,0,98043,47.34594804603855,-122.4610529384699,805718
142,5,3.7,1553,3490,2.0,0,2,4,5,1212,1111,2014,0,98181,47.717227107445844,-122.4132425640149,851095
143,4,1.4,2330,7980,2.0,0,3,3,6,2249,922,1907,0,98085,47.48039420053936,-122.15055194752671,1036836
144,4,2.7,2655,8661,2.5,0,1,1,12,1727,641,1977,1996,98155,47.6061045316286,-122.26412464850722,1268876
145,4,1.8,3938,2724,3.0,0,3,1,8,2436,504,1909,0,98019,47.376443557824,-122.29293064607404,1253122
146,4,2.7,1804,9182,2.0,0,0,5,3,1905,589,1966,0,98023,47.333084360862586,-122.45308034467374,749238
147,4,3.0,3699,3767,1.5,0,2,2,11,1100,771,1937,1996,98115,47.407969102010064,-121.8729965776764,1617330
148,3,3.5,3800,2137,1.0,0,0,4,7,1999,1264,1928,0,98050,47.36392690895435,-122.01572698971246,1416076
149,2,1.6,1634,5117,2.5,0,0,3,9,3086,739,1914,1996,98179,47.45620294883981,-122.41486729022624,848757
150,4,1.0,2683,4420,2.0,0,0,1,11,713,674,1986,0,98043,47.557191623255505,-122.454467829584,1010525
151,1,1.4,861,6845,1.5,0,1,3,11,2621,1259,1922,0,98099,47.5943797317825,-121.81758922659813,748447
152,1,3.7,3757,5778,2.0,0,2,2,3,2608,1013,1981,1996,98104,47.69493405368987,-122.02317921469235,1394002
153,1,3.6,2676,4906,2.0,0,2,2,3,1197,127,1945,0,98116,47.628119946624174,-122.20778075023438,848523
154,1,2.8,2399,4637,3.0,0,1,3,5,1742,502,1982,0,98051,47.604379162564776,-122.00878827147095,835826
155,3,2.8,1784,3953,3.0,0,2,4,8,2559,1223,1927,0,98106,47.50589101374288,-121.97056774946388,877731
156,1,3.0,1014,6929,3.0,0,0,2,4,3361,901,1925,0,98112,47.536904217480064,-121.95402645832785,472616
157,4,1.5,948,1276,1.5,0,2,3,12,2579,542,1909,0,98197,47.50726041469509,-122.16548588604286,724645
158,5,3.7,2423,2999,2.0,0,1,1,3,1683,491,1946,0,98169,47.721083015030686,-122.19908206931261,652315
159,1,2.3,3675,2227,1.0,0,0,3,3,1500,1044,1903,0,98072,47.415000226274195,-122.49228034101176,1109917
160,3,2.1,2006,7337,2.5,0,1,3,7,736,1257,1954,0,98139,47.302860465770976,-121.85141001940072,906736
161,3,2.6,1747,4735,3.0,0,3,5,6,1704,713,1965,0,98080,47.62565994861312,-122.07768448512773,988105
162,1,1.1,2355,1695,3.0,0,0,2,3,3105,790,1966,1996,98180,47.40123109181941,-122.35779224396703,794571
163,5,1.5,1373,5152,2.0,0,0,4,6,1981,415,1906,0,98151,47.7450575681549,-121.85627760640499,692312
164,1,3.2,3020,8901,2.0,0,2,4,5,1603,147,1954,0,98049,47.729523164853326,-121.8595476687608,1240884
165,3,1.2,3581,8470,1.5,0,0,5,4,1146,969,1979,0,98166,47.3383636859641,-121.80757108494373,1488011
166,2,2.8,1928,8537,1.5,0,1,4,11,3367,28,1930,0,98047,47.35319420270704,-121.88816040580271,1010745
167,4,1.7,2849,3841,3.0,0,2,3,3,972,1384,1973,0,98072,47.54758579612333,-121.80155092852596,966046
168,3,2.2,2778,5208,2.0,0,3,5,9,611,307,1918,0,98007,47.604611331384675,-122.32871966831371,1539659
169,1,1.9,2254,9733,1.0,0,1,1,6,2345,161,1927,1996,98066,47.43745416874112,-121.91042529036054,811851
170,4,2.1,1422,2088,2.5,0,3,2,7,2154,868,1980,1996,98077,47.658398858349685,-121.92388018384297,759859
171,1,3.2,3637,4363,2.0,0,3,2,12,882,851,1927,0,98062,47.597458010459434,-122.33834174854549,1521217
172,1,1.9,3484,1024,2.0,0,3,2,7,516,60,1918,0,98157,47.46241205487428,-122.4310937156993,1297886
173,2,2.7,2659,7144,1.5,0,0,3,3,992,124,2000,1996,98038,47.31268574402115,-121.81440564042568,1029911
174,4,2.4,1536,6668,2.5,0,1,1,8,3473,1479,1986,1996,98125,47.675075140649255,-122.29278281393557,642223
175,4,3.0,1916,5236,3.0,0,1,5,11,2396,1094,1919,0,98084,47.40737683291254,-121.89037574667253,1196734
176,2,3.8,3047,9068,2.0,0,0,5,4,2009,837,1912,1996,98161,47.71723687173131,-122.49711099172778,1456684
177,3,3.2,3479,3235,3.0,0,2,2,9,616,465,1976,1996,98029,47.51014513002713,-122.48528263494627,1476979
178,1,1.6,3145,8295,2.0,0,3,1,8,2078,242,1942,1996,98114,47.58853872131588,-122.17389008391254,1145433
179,5,1.1,2781,9392,3.0,0,1,1,7,1379,1244,1910,1996,98079,47.7364743652045,-122.33289972124545,1047795
180,1,1.8,3149,9448,2.5,0,0,1,6,2662,472,1947,0,98023,47.731811500459976,-122.01711110159482,1033018
181,1,2.8,813,4747,1.5,1,3,4,6,2318,958,1914,0,98106,47.48575978762178,-122.10410497210243,687138
182,3,1.2,3113,4175,2.5,0,2,4,8,2072,532,1916,0,98131,47.40444444635742,-122.44575994178466,1276574
183,1,2.5,3583,5897,1.0,0,2,2,6,3361,493,1953,0,98101,47.68757303886429,-122.386160192579,1150148
184,2,2.8,2756,6037,1.5,0,3,1,7,2148,898,1949,0,98173,47.51654010180106,-122.22836551095911,842272
185,2,2.0,2497,8427,2.5,0,2,1,8,1143,81,1927,1996,98008,47.3960209967795,-122.3700771552312,934941
186,4,3.3,1537,9605,1.0,0,1,5,7,1859,855,1982,0,98086,47.752212671158574,-121.94544435692924,909644
187,5,1.3,2156,3014,2.0,0,1,5,9,835,878,1903,0,98117,47.39905209712054,-122.20875083511271,1056903
188,1,1.2,3989,2381,2.0,0,1,2,11,3469,922,1921,0,98029,47.312903584095615,-122.43459769321025,1403948
189,1,3.2,3948,2098,3.0,0,2,1,12,646,11,1985,0,98002,47.310139986883705,-122.16095996840951,1341127
190,3,2.5,3591,4426,1.5,0,1,2,9,621,1286,2018,0,98113,47.61115767822713,-122.436413273257,1245145
191,2,3.1,3134,4655,2.0,0,0,5,9,580,448,2000,0,98178,47.63083753035876,-122.40974388620613,1579009
192,5,2.3,2278,8938,1.5,1,1,5,6,3232,1215,1938,0,98065,47.45552085252849,-122.33227311758026,1135687
193,4,1.7,1514,1187,2.0,0,1,4,3,3209,761,1933,0,98108,47.46000549462353,-121.89833060632675,681995
194,2,3.5,1593,6409,3.0,1,2,2,10,2922,1137,1996,0,98020,47.46974695752997,-121.85277122736692,934490
195,4,3.4,3782,3092,2.5,0,1,2,6,2610,25,1943,0,98180,47.640079273379435,-121.92161958946755,1181597
196,3,3.1,1624,3130,3.0,0,3,1,3,1003,507,1941,0,98037,47.329066895513414,-122.2661459478075,559026
197,3,1.8,1197,6242,1.0,0,0,1,7,1167,61,1939,0,98072,47.76455817634566,-122.30928749122381,493868
198,1,2.8,2679,9549,2.0,0,2,4,10,2996,228,1996,0,98027,47.41126052208872,-122.11559101644683,1273869
199,5,2.1,1904,6647,1.0,0,0,3,6,3415,606,1911,0,98175,47.79983660262104,-121.99470278762682,773551
200,4,1.3,1655,6185,1.0,0,3,3,10,1944,1058,1901,0,98123,47.38576134689359,-121.80463904828787,929820
201,2,3.8,1543,6776,1.5,0,2,3,10,1845,1479,2022,0,98134,47.68577322865619,-122.40790050168475,851462
202,3,1.4,2429,8913,2.0,0,2,2,5,3227,890,1927,1996,98188,47.41170627246481,-122.46549560068334,979222
203,1,3.9,3083,8547,1.0,0,1,2,11,1689,760,1973,0,98045,47.34042340082162,-122.01395087770331,1146397
204,1,2.3,1513,8823,2.5,0,0,5,5,2120,594,1985,0,98172,47.73746666217532,-121.91744195154726,737687
205,4,1.6,726,8355,1.0,0,3,2,3,2480,1048,1980,0,98083,47.729375629595445,-121.9075558540935,382766
206,3,2.6,3725,7465,2.5,0,3,2,4,2172,1055,1989,0,98146,47.501785196224795,-122.02507551564598,1102362
207,5,3.6,2328,2497,1.5,0,2,2,8,3008,1035,1966,0,98120,47.65119807127021,-121.83218893711657,862580
208,3,3.2,1992,3555,1.0,0,1,4,12,958,1342,1970,1996,98065,47.57853296634195,-122.14229666551878,1339975
209,4,3.4,1321,6409,3.0,0,2,2,4,1712,0,2007,0,98025,47.726478056836875,-121.86032964116465,486844
210,4,3.0,2523,3951,1.5,0,2,1,8,963,1458,1971,0,98027,47.45752798465932,-121.82253150410592,887857
211,3,3.1,1370,2238,2.5,0,2,1,3,1411,1159,1983,0,98135,47.56183619999949,-121.90698978009782,494004
212,4,3.5,2952,5727,1.5,0,2,5,3,2926,1219,1975,1996,98172,47.54268618560227,-122.28316900571896,1430993
213,3,1.7,2749,4965,1.0,0,3,4,7,1525,132,1998,0,98106,47.47695291312843,-122.3626490441808,1064283
214,2,2.5,2585,6686,2.0,0,3,1,12,2911,85,1980,0,98157,47.74572753227818,-122.11631595451273,1026503
215,3,1.7,3489,4701,2.0,0,2,4,11,571,1499,1991,0,98044,47.38293896233127,-122.18288967473387,1449185
216,3,4.0,2295,3780,2.5,0,2,4,10,1950,1347,2004,0,98107,47.37475431976034,-121.88556916046508,1113671
217,4,3.8,687,8398,2.5,0,1,5,5,3185,1203,1909,1996,98036,47.588454767661375,-122.429977830253,506733
218,4,1.1,1580,2588,2.0,0,2,4,5,1693,515,1985,0,98147,47.62874711499247,-122.31958195708194,654753
219,1,3.1,1440,3368,2.5,0,3,2,3,2348,174,2001,0,98006,47.39730962716228,-121.9737407388369,548425
220,1,3.8,3591,6789,1.5,1,0,4,5,2884,762,1956,1996,98153,47.49535872112731,-122.43350934851588,1732725
221,2,1.5,2820,1436,3.0,0,3,5,3,2522,1044,1996,1996,98159,47.77328192148937,-122.27546491018481,1445573
222,1,2.7,3690,3828,3.0,0,1,5,10,2742,996,1985,0,98009,47.423308711345335,-122.22899122416221,1651491
223,3,3.7,3130,2556,1.5,0,3,5,3,1511,1128,2007,1996,98165,47.634180351058696,-122.06418434240612,1485147
224,4,1.1,3063,8570,3.0,0,0,1,7,1152,577,1936,0,98155,47.67007469684879,-122.38930714799645,988902
225,1,3.1,3792,8480,1.0,0,2,2,11,1798,1466,1976,0,98013,47.524064349732576,-121.8975768567552,1514742
226,1,1.9,1025,1182,1.5,0,0,1,9,506,48,1990,1996,98041,47.76876299337979,-122.18672043517361,616671
227,2,3.8,835,8190,2.5,0,2,3,6,1404,527,1963,0,98128,47.66832836760939,-121.8580848016836,533644
228,2,3.9,3245,7687,1.5,0,2,2,11,2528,144,1978,0,98066,47.52896228993045,-122.17249106045625,1349220
229,3,3.8,1578,6565,2.0,0,3,4,11,3113,1363,1985,0,98085,47.58466760088805,-122.30747181874149,981590
230,4,2.4,3047,8241,2.5,0,3,5,4,1115,761,1993,0,98024,47.64630672171255,-122.40071981991862,1341928
231,2,3.6,3447,8651,2.0,0,3,3,12,2373,1377,2006,0,98044,47.596095090214604,-122.4973784337021,1652503
232,1,3.5,3313,6575,2.5,0,1,2,12,3120,1098,1939,0,98106,47.73934879191304,-122.12748976051061,1417431
233,4,2.0,3083,2589,3.0,0,3,1,8,3146,928,2000,0,98098,47.478444331140196,-122.42499031215115,1178683
234,4,3.5,661,9851,1.5,0,1,5,6,1269,793,1997,0,98060,47.4499428700279,-122.22579056545817,554265
235,1,1.1,1093,1159,1.0,0,3,1,10,2789,318,2007,0,98009,47.40691944474763,-122.08750976713404,572824
236,2,2.8,2438,7555,2.5,0,2,2,9,2066,1110,1959,1996,98130,47.31889148403229,-122.30701987216811,1174969
237,1,1.7,2706,9244,2.5,0,1,2,9,1985,697,1997,0,98056,47.32150698219002,-122.37734299534372,885307
238,4,1.4,3759,7846,2.0,0,0,3,12,1940,846,2021,0,98158,47.73502759655464,-121.95769486417346,1688692
239,5,1.2,559,3307,3.0,0,1,4,11,1265,782,1947,0,98022,47.63919657320295,-121.83724617940287,602220
240,5,3.1,3462,2228,2.0,0,1,1,7,883,41,2016,0,98081,47.63026620771824,-122.42969170749663,1141417
241,3,2.0,3890,8226,2.0,0,0,3,8,2938,1116,1998,1996,98100,47.60732140946744,-122.39108677293049,1595895
242,1,3.2,2401,6590,3.0,0,1,5,3,3443,528,2005,0,98013,47.72460957234705,-121.8279911399231,952954
243,1,1.2,2758,7919,1.0,0,2,4,8,1187,1288,1918,0,98071,47.54013346283281,-122.47355104473142,1209428
244,3,1.9,905,6585,2.0,0,3,3,4,1649,291,1971,0,98016,47.73520541427915,-121.81565736441466,521361
245,3,2.6,1163,7046,2.0,0,0,1,8,546,968,2002,0,98045,47.47972251309112,-122.4967488618405,524934
246,3,3.4,1632,5945,2.5,0,3,2,11,2472,1487,1932,0,98065,47.76335375216954,-121.88843194104406,1037336
247,4,2.0,1599,8927,3.0,0,2,5,10,3166,96,1943,1996,98139,47.64932849004062,-122.28487237330857,1202968
248,1,2.9,1041,8016,1.5,0,0,1,11,963,1118,1991,0,98070,47.42858856801221,-121.84298779927589,664089
249,4,3.7,1837,8758,1.0,0,3,4,12,2372,1349,1936,0,98148,47.582042460844306,-122.2781382979551,1127979
250,3,2.8,1497,6086,1.0,0,3,4,10,622,73,2011,0,98099,47.56651528074413,-122.04198557492616,1001785
251,1,1.7,1640,8161,3.0,0,2,2,5,2681,1359,1988,0,98191,47.36894941086516,-122.44397720116385,603398
252,4,1.1,3474,2884,2.5,0,3,2,10,2142,1091,1935,0,98101,47.59562145287531,-122.33036913198238,1344527
253,4,3.6,1367,2809,2.5,1,2,5,8,1340,757,1980,0,98105,47.457392811858476,-121.95842445746452,1098823
254,3,1.1,2566,4167,3.0,0,1,5,8,2085,1100,1987,0,98140,47.3261743834048,-122.12991990242483,1343793
255,1,3.6,931,7352,2.5,0,2,2,8,3396,207,1920,0,98190,47.77432807885328,-121.85042165674906,660576
256,3,2.6,1239,7056,1.0,0,1,2,5,3154,1244,1901,0,98094,47.62074518453214,-122.19987401416105,555898
257,1,3.8,1873,3437,1.0,0,0,4,12,2303,1285,1930,0,98042,47.73845946593542,-121.89113134393025,1202181
258,5,3.4,682,7468,1.5,0,3,2,3,522,409,2007,0,98083,47.63802800250662,-122.18573119376524,341878
259,2,4.0,2660,6951,3.0,0,2,3,6,1065,330,1996,0,98197,47.47849184607006,-121.8145262049086,1095109
260,2,2.1,1706,6276,2.0,0,2,1,12,2409,343,1929,1996,98186,47.556344036164404,-121.82811593302078,1013039
261,2,3.3,3028,9859,2.0,0,3,2,8,3313,988,1975,1996,98133,47.63787338017359,-122.26960430611074,1358213
262,3,2.2,1669,8818,1.5,0,3,5,12,1464,770,1943,0,98105,47.780126162600716,-121.87985343070824,976678
263,5,2.4,1330,5728,1.5,0,0,3,4,2782,73,1911,0,98155,47.426834729560845,-121.90667203804904,575946
264,1,2.9,2151,3624,2.5,0,0,5,9,1495,253,1950,0,98028,47.73748852931205,-122.35252372187071,1195254
265,4,3.6,1636,6738,1.5,0,2,3,9,1687,958,2020,0,98026,47.762038902647134,-122.0629967194517,821082
266,1,4.0,3310,5232,1.5,0,0,2,6,2294,819,1948,1996,98116,47.635207757329475,-122.44912237908713,1235105
267,4,3.3,975,6793,2.0,0,1,1,6,1325,985,2015,0,98049,47.76563331370067,-121.91430249559157,486697
268,1,2.3,3310,5523,2.5,0,0,5,3,715,331,1923,0,98149,47.49893929373868,-122.37781788154756,1254149
269,5,2.3,1826,6571,1.5,0,0,3,4,1156,1421,1923,0,98001,47.77650808802022,-122.45042970902996,681892
270,4,3.2,1470,3224,1.5,0,2,4,11,3482,1368,2021,0,98092,47.65139143858298,-122.21984663312283,876248
271,3,1.7,1519,9389,2.5,1,1,2,12,1613,746,1959,0,98058,47.321002883709404,-122.09615450298024,948177
272,1,1.3,1641,7091,3.0,0,0,1,10,2487,835,1910,1996,98079,47.753436415909526,-121.90155812900815,840930
273,1,2.1,2336,9662,2.5,0,1,2,10,810,454,1912,0,98183,47.54223640451659,-121.81803023213479,936491
274,4,1.9,660,7361,2.0,0,1,4,11,1056,1138,1990,0,98081,47.530163492388915,-122.1923552412011,594565
275,3,1.9,2948,2948,3.0,0,1,1,9,2804,312,1971,0,98026,47.58323330298981,-122.45768715391031,1172816
276,3,1.7,697,8094,1.0,0,3,4,11,3080,1017,1973,1996,98153,47.37469227338561,-121.97561909468189,776749
277,5,1.1,1783,7318,2.5,0,3,2,12,2056,227,1971,0,98077,47.5345830242837,-122.10437872064324,1010110
278,3,1.1,1159,4796,2.0,0,3,3,4,551,833,1963,0,98161,47.71556360835887,-122.18647605860887,590114
279,3,4.0,2275,1234,3.0,0,3,2,8,1861,857,1919,0,98072,47.307741229568755,-122.28351178484547,859681
280,3,2.3,1570,4607,2.5,0,2,2,5,1694,1268,1971,1996,98069,47.43645858016218,-122.14832103050952,658369
281,2,2.2,2510,9043,1.5,0,0,2,8,2148,817,1972,1996,98006,47.30122729322192,-122.26292427688007,947447
282,5,3.0,898,1522,2.5,0,3,5,5,2847,1017,1970,0,98023,47.50785565457492,-121.97009169257684,654618
283,1,1.7,2233,6904,1.0,0,2,4,10,1171,527,1977,0,98158,47.66415775524686,-122.11927441245516,1159678
284,4,3.8,2082,5888,2.5,0,0,4,6,1277,949,1927,0,98054,47.69938591455731,-121.88620655809211,920927
285,1,3.4,2625,6832,3.0,0,3,4,12,1331,426,1901,0,98087,47.7725948805635,-122.11951925974539,1352310
286,5,1.3,2671,8122,3.0,0,0,5,8,2779,41,2020,0,98011,47.60425230648539,-122.33321631066205,1257149
287,4,2.3,574,6842,2.5,0,3,3,11,2360,464,1942,0,98159,47.42731343332645,-121.9042356824375,785728
288,5,3.6,2684,2316,3.0,1,2,2,4,2029,277,1907,0,98134,47.762073974568345,-122.10994666854897,1040462
289,3,3.8,1101,2124,1.5,0,1,3,4,2575,835,1912,0,98011,47.687657876940186,-122.3552112732995,544399
290,4,2.4,3971,6621,2.5,0,1,5,9,2472,18,1984,0,98077,47.58721424150157,-122.06354453303064,1574707
291,3,2.8,1336,6423,1.5,0,0,4,4,1574,65,2010,0,98012,47.64782010785947,-122.2495982645403,564129
292,1,1.5,2028,3587,1.5,0,2,2,4,2216,166,1991,0,98194,47.762158177503714,-121.90891607139555,716845
293,1,4.0,999,6672,2.0,0,1,1,6,1783,1019,1934,0,98053,47.65619701423646,-122.18269018294743,465463
294,4,1.7,2096,2378,2.5,0,3,1,11,1090,402,1922,0,98099,47.48418725379236,-121.99149104932481,905121
295,4,3.8,637,4374,3.0,0,1,3,10,3332,408,1945,0,98036,47.656514101144545,-122.43312465465463,636095
296,5,2.9,2597,2519,1.5,0,0,4,4,3167,111,1914,1996,98145,47.32013908136769,-122.22278295758835,1045499
297,5,2.8,2294,6777,2.0,0,0,1,10,2486,1297,1901,0,98028,47.493207780915284,-121.81173099446931,854772
298,3,2.5,1472,8935,2.5,0,2,3,6,3133,1430,1960,0,98150,47.503161515922784,-121.93407779736599,693576
299,4,1.7,2142,7093,2.5,0,0,5,4,1501,1396,2014,0,98102,47.383419117210416,-122.38804143834315,929192
300,1,1.5,2385,9418,1.0,0,1,3,12,2731,596,1975,0,98007,47.31154274027588,-122.30556516536592,991314
301,5,1.7,2801,6355,1.0,0,1,3,9,1546,650,1963,0,98015,47.36669061831887,-122.26912893380054,1136641
302,5,1.6,2528,5968,1.5,0,1,3,8,2676,1062,2020,0,98139,47.62731074789853,-122.04474410765319,1039847
303,1,3.3,3257,6574,1.0,0,1,2,12,2838,104,1951,0,98024,47.70114440818184,-121.97010366835724,1332871
304,5,2.1,2400,5072,1.5,0,2,3,7,2355,323,1935,0,98195,47.79410174636348,-121.97533137383446,988236
305,3,1.2,3110,3257,3.0,1,3,3,3,1000,991,1966,0,98030,47.47318175155424,-122.14308816058552,1244371
306,4,3.9,3304,9588,1.5,0,3,2,4,2733,1437,1968,0,98198,47.59968961113055,-121.9324256235133,1203293
307,1,3.7,1949,5424,1.0,0,2,2,10,978,428,1966,0,98066,47.76857248340756,-122.19404534206977,901461
308,4,3.8,1046,4237,3.0,0,0,5,3,2094,634,2020,0,98061,47.383520890669075,-122.41328360429311,627248
309,5,4.0,3873,4893,1.0,0,3,4,5,3039,729,1946,1996,98078,47.65882279317137,-122.10489071084233,1599152
310,5,1.5,1421,3005,1.5,0,0,1,4,1012,888,1982,0,98041,47.67748936657458,-121.83338903077922,452875
311,1,2.2,1080,3016,2.0,0,3,1,7,3014,1084,1901,0,98082,47.344487767934666,-121.94490444402524,490437
312,3,3.3,1872,2772,2.5,1,0,3,6,2832,1330,1943,0,98051,47.73062469259153,-122.09490954661543,872274
313,2,3.1,2456,9353,1.0,0,2,5,9,1100,1377,2000,1996,98172,47.706552523555416,-122.04723603775562,1415288
314,1,1.5,2503,4976,1.5,0,1,3,7,1940,392,1963,0,98095,47.31670150328871,-121.8486065810751,1065257
315,2,3.4,2596,2751,3.0,0,0,1,10,1623,203,2017,0,98013,47.345542207440026,-122.20016004389552,922862
316,2,1.7,3464,9967,1.0,0,1,2,6,688,257,1980,0,98090,47.32456344694592,-122.26802410274016,1136136
317,3,1.7,3645,8430,1.0,0,0,4,8,1488,485,1977,0,98140,47.46737176589968,-121.81593090449968,1503453
318,2,2.6,1203,8170,2.5,0,0,5,6,3437,445,1927,1996,98082,47.55464449533996,-121.89558980654276,730059
319,2,2.8,2808,7469,1.5,0,0,2,4,2381,1203,1990,0,98009,47.56617386397731,-122.27386949076698,830599
320,3,2.7,2903,4220,2.0,0,0,4,3,887,1023,1953,1996,98048,47.43383337988472,-122.17535358184735,1167717
321,2,1.3,2125,1539,3.0,0,0,5,3,2788,341,1973,0,98049,47.755798443280135,-122.20944530969454,899660
322,2,3.6,3831,2461,1.5,0,1,5,10,2305,132,1966,0,98053,47.48413139493595,-122.39563302492999,1800314
323,2,1.8,1137,6184,3.0,0,0,1,6,2533,442,1935,0,98184,47.322775077982676,-121.82952647333072,434058
324,1,1.4,3290,9547,1.0,0,1,2,7,2254,252,2001,0,98040,47.45011355577069,-122.21698129814617,1007725
325,1,3.7,3866,1234,2.5,0,2,5,10,2964,264,2019,1996,98107,47.56555471127208,-121.88726964215346,1767796
326,1,3.9,1509,2548,2.5,0,3,5,9,2723,92,1962,0,98024,47.50411091129411,-122.36745064062353,964326
327,3,3.6,3478,8480,2.0,0,0,4,10,886,1434,1924,0,98108,47.43692125954963,-122.11649043255395,1705655
328,5,3.4,1140,5213,2.5,0,3,1,10,1994,137,1985,1996,98033,47.36566162488216,-122.483227030413,781829
329,2,3.0,3339,2673,1.0,1,1,3,8,1352,1231,1947,0,98023,47.709582250048115,-121.96504566131038,1295848
330,2,2.7,3884,7708,2.0,0,2,1,12,3210,1001,1938,0,98077,47.79807262106209,-122.09336027122761,1377797
331,3,1.3,3159,8982,1.5,0,2,3,4,951,306,1946,0,98054,47.46477106676194,-122.06208729157117,1124441
332,2,2.2,2361,3100,2.5,0,2,2,8,2824,265,1993,0,98053,47.490810522088296,-122.46379538221174,931117
333,1,2.1,3356,4748,2.0,0,3,2,3,2258,645,1920,0,98049,47.60901876233847,-122.35227316885397,1081094
334,5,1.8,1705,4173,1.0,0,1,5,3,712,317,1929,0,98078,47.65922073736777,-122.4479683893525,692440
335,4,3.2,1185,2815,3.0,0,0,2,5,540,1136,1991,0,98080,47.496014767401796,-122.29775997893734,530931
336,2,2.5,2351,4841,3.0,0,0,5,5,1645,900,1930,0,98177,47.7524647584909,-122.06079269462249,1072129
337,1,1.2,3935,9016,1.0,0,1,1,7,2841,1401,2020,0,98102,47.580001994614456,-122.10366981097783,1105084
338,4,1.7,687,8011,1.0,1,3,2,3,1099,453,2015,1996,98122,47.525195038202966,-122.07149512487062,566082
339,5,3.0,2119,5493,3.0,0,0,1,12,2524,190,1925,0,98188,47.62333637657995,-122.11552411003547,953648
340,4,1.2,2187,1674,2.0,0,1,1,8,3088,1463,2006,0,98103,47.776401924124585,-122.3088798430269,773969
341,1,3.6,1484,9088,3.0,0,0,2,9,2530,1210,1921,0,98090,47.69727614721085,-122.3288447518589,615639
342,4,2.5,1047,9578,1.0,0,2,1,12,2282,830,1920,0,98090,47.32000656526756,-122.4040582215244,582299
343,3,2.4,3272,3158,2.5,0,0,2,5,2351,1390,1900,0,98193,47.46615495536998,-121.90565038756755,1213041
344,4,2.8,3473,3661,1.5,0,3,2,6,2998,1112,1936,0,98160,47.53527234247561,-122.06846444902112,1207483
345,2,3.5,1931,3064,2.5,0,1,2,12,2279,186,1976,1996,98121,47.457258786104546,-122.36944229124715,1177682
346,2,2.0,1375,4253,2.5,0,3,3,12,3337,818,1984,0,98149,47.650093780415226,-122.37595343412514,925857
347,3,3.0,1117,5979,1.0,0,1,1,12,2881,1020,1945,0,98146,47.71313457493129,-121.8888750789317,644838
348,1,2.7,2961,8703,3.0,0,2,4,12,2404,131,1908,0,98060,47.665672547592635,-121.98008839536567,1361760
349,2,1.8,1865,9931,2.0,0,1,2,12,3438,871,1916,0,98122,47.79466664341413,-122.03842064406624,827126
350,5,3.6,1743,2401,2.5,0,0,1,5,2591,634,1946,0,98141,47.436273823946514,-122.21519512472248,533099
351,2,3.4,1402,4259,3.0,0,0,5,3,643,1399,1984,1996,98152,47.73749474751221,-122.31661710500504,831893
352,2,3.0,662,4923,2.0,0,2,2,10,832,690,1994,0,98030,47.68331133258724,-121.81438446582102,552946
353,1,3.6,2474,5214,2.5,0,1,2,12,1497,691,2002,1996,98130,47.48108937877907,-121.94193229748404,1332453
354,4,3.6,3791,4227,2.0,0,2,4,12,1919,1122,1958,0,98083,47.667062271828485,-122.2887545438046,1447715
355,2,3.1,769,3745,3.0,0,0,3,4,554,1057,1953,0,98111,47.35203797820912,-121.90670464260505,375683
356,3,3.5,1131,7091,1.5,0,3,3,3,1830,581,1985,0,98108,47.69466674117027,-121.96874763596972,523126
357,4,3.1,1405,4866,3.0,0,2,2,10,3417,170,1911,0,98111,47.56616530129355,-122.2920436150854,832271
358,5,3.0,3971,6818,1.0,0,3,1,9,1946,1389,1963,0,98025,47.446145086354626,-122.20141300203085,1238373
359,1,2.9,3753,3222,2.0,0,3,5,9,1940,783,2018,0,98050,47.62788865089209,-122.36983258822629,1713491
360,5,3.3,2514,3792,1.5,0,1,5,6,3344,1082,1905,0,98014,47.6208099993572,-122.42226328893533,1039906
361,4,1.5,2141,5063,2.0,0,2,1,11,2872,180,1952,0,98134,47.4047431113598,-121.9940665770122,815123
362,4,3.6,704,2524,2.0,0,3,2,8,2233,18,1915,0,98076,47.31519870740576,-122.3127416998523,518387
363,4,3.6,1081,9224,2.5,0,3,5,4,2194,1249,1989,1996,98084,47.516811293450836,-121.92595844397762,697184
364,5,1.1,2079,7198,1.0,0,1,3,3,579,1496,1904,0,98087,47.58475593467221,-121.8030739019399,699364
365,4,3.5,1340,5025,2.0,0,1,1,3,1484,1118,1972,0,98158,47.7383026391853,-122.44636613024925,423569
366,5,1.4,2336,3566,3.0,0,0,4,11,3105,880,1945,0,98030,47.7641083978238,-122.16887541244141,1077702
367,4,2.0,1751,3803,3.0,0,3,2,6,1364,1320,2003,0,98166,47.56440260907838,-121.93855620848244,820227
368,3,3.2,2219,4709,2.5,0,0,1,7,3264,174,1913,0,98058,47.67690174188427,-121.94773437242114,628669
369,4,1.5,2142,7155,1.0,0,3,5,5,2087,1245,1943,0,98094,47.51965163616399,-121.96800198916831,1147265
370,5,3.5,3143,1719,1.0,0,0,2,6,971,53,1962,0,98041,47.673041078286445,-122.25570354528867,1254277
371,2,3.5,2797,7516,3.0,0,1,3,10,2621,694,2005,0,98094,47.40240076246958,-122.18230272102046,1069136
372,4,2.5,1374,5579,1.5,0,2,2,6,2076,862,1993,0,98057,47.48553236740176,-122.08352214986097,717356
373,2,1.0,1964,1972,2.5,0,1,2,11,2002,1426,1951,0,98164,47.617113999406804,-121.81824159149872,932092
374,3,1.9,2743,4718,2.5,0,0,3,11,1088,1341,2015,0,98064,47.309078982803534,-122.27071691034305,1112198
375,1,2.9,1189,8395,3.0,0,0,3,8,1910,348,1925,0,98098,47.661230655169476,-121.8537992785982,697181
376,3,3.9,2510,5402,3.0,0,2,2,4,2405,442,1952,0,98016,47.71776775063408,-122.31145015727365,915486
377,4,2.9,3641,5552,1.5,0,3,3,12,1063,832,2008,0,98088,47.49957083054697,-121.80764787416841,1500825
378,2,1.8,3186,3207,1.5,0,0,1,9,966,579,1928,0,98078,47.52397120858858,-122.03081541922069,814842
379,2,2.9,1922,5426,1.0,0,0,3,11,1098,281,1918,0,98090,47.72564110610826,-122.17554196374901,1015698
380,5,2.6,2501,7919,2.5,0,0,3,8,2144,359,1946,0,98072,47.687827317663015,-122.07062670035548,1044125
381,2,3.3,1171,9835,2.5,0,2,2,5,1491,914,1907,0,98014,47.44407474451668,-122.30922818167186,522120
382,5,1.3,3774,9386,3.0,0,1,1,9,2432,822,1922,0,98031,47.46198805328077,-122.30807829974198,1172490
383,1,3.3,1671,9680,1.0,0,0,4,7,3284,891,2016,0,98066,47.6394391161953,-122.42051181930955,766255
384,4,2.6,1995,3204,2.5,0,2,4,3,2795,952,2005,0,98112,47.58159904622408,-122.42016479160623,902759
385,5,3.9,1443,6345,1.0,0,0,5,5,2104,640,1934,0,98068,47.38111478554825,-122.25662978097176,792626
386,1,2.0,2746,4276,1.0,0,3,3,7,566,1031,1994,0,98193,47.45496495461458,-121.96600116547253,1081272
387,2,2.9,1949,2102,3.0,0,2,3,9,3120,562,1952,0,98055,47.749991638439326,-122.07442018268128,917973
388,2,3.8,3039,6243,1.0,0,0,1,5,3250,490,1998,1996,98123,47.64408721836113,-122.42819080776829,961592
389,1,1.3,1395,7614,1.5,0,2,4,8,969,340,1995,0,98168,47.792987158842756,-121.90343443251686,797974
390,2,3.8,2689,9707,1.5,0,0,5,7,3040,471,1957,0,98153,47.683506264990385,-122.07904266110695,1346351
391,1,3.1,1836,6223,2.0,0,1,1,3,2224,248,1904,0,98025,47.770987216071795,-121.82740109625065,536482
392,5,1.2,664,9584,3.0,0,0,3,12,3210,234,1915,0,98131,47.40809428693524,-122.03087017281216,664877
393,5,1.9,2861,1630,2.0,0,2,4,8,2833,1106,1916,0,98069,47.68574243740846,-122.37737759540707,1135289
394,1,3.1,2568,7683,1.5,0,3,5,10,2131,1116,1931,0,98102,47.310108760073895,-122.16835164638452,1328089
395,5,1.2,1605,1277,2.0,0,3,2,3,2859,1417,2001,0,98118,47.63538001085576,-122.04605168171696,660914
396,5,2.7,3702,1232,3.0,0,3,4,4,2856,823,2021,1996,98026,47.53464113906012,-122.48021470926501,1492459
397,5,2.0,2253,6690,3.0,0,0,5,6,1274,1291,1995,1996,98040,47.473380035960034,-122.48956281509163,1205595
398,3,2.9,3531,8659,1.0,0,1,1,4,1636,1440,1951,0,98038,47.73120217614654,-122.409417899581,874127
399,4,1.1,2852,1025,2.5,0,0,2,11,2511,631,1919,1996,98166,47.72713384632876,-122.32383489546817,1380401
400,2,3.6,2438,8468,1.0,0,3,5,12,3003,528,2011,0,98196,47.311150852449316,-122.19931561353553,1450193
401,3,3.9,870,7410,3.0,0,2,5,10,1986,1276,2019,0,98007,47.604752561224714,-122.15879166836815,837222
402,5,3.9,2380,9652,1.5,0,3,3,10,631,121,1965,0,98158,47.48391611216047,-122.40338067374347,1077101
403,1,3.2,1352,4764,1.5,0,2,4,6,1429,891,1983,0,98120,47.507830500750224,-122.02862589461891,730329
404,5,1.4,883,7599,1.0,0,1,3,7,1428,9,2010,0,98147,47.71602036960938,-122.08270335681243,487250
405,4,3.3,2431,6102,3.0,0,2,2,6,2668,1339,1981,1996,98035,47.454919885763836,-122.29387513081119,1022030
406,5,1.1,2992,8006,1.5,0,0,5,11,1720,837,1900,0,98161,47.77152440531881,-122.4904380815953,1615319
407,1,1.1,924,4483,3.0,0,0,3,4,2005,1296,1957,0,98161,47.38981691318607,-122.4456464592527,355575
408,4,2.0,2708,2994,1.5,0,0,4,10,1133,1329,1992,1996,98078,47.63136121168409,-122.22581365714241,1338625
409,5,2.5,3749,9682,3.0,0,2,2,4,3444,1233,1992,0,98038,47.63605253350688,-122.39221795418402,1283280
410,4,3.3,1128,2072,2.0,0,0,1,3,3319,752,1982,0,98138,47.42609758071396,-122.23622627569642,322683
411,2,3.0,1394,7707,3.0,0,0,3,12,1562,885,1943,0,98185,47.4623753044836,-122.06027217684274,870145
412,2,2.3,3037,1215,3.0,0,0,2,5,3113,463,2003,0,98028,47.717399246289965,-122.1169338004845,982150
413,5,1.8,3564,8605,1.0,0,1,1,11,3059,711,1905,0,98100,47.68090262747747,-122.33817688180382,1242835
414,4,4.0,2874,3606,2.0,0,2,3,5,1684,727,2007,0,98038,47.464547940157374,-122.25932425611887,1327805
415,1,2.3,1097,9350,2.5,0,2,2,11,788,716,2002,0,98144,47.56697827346746,-122.07017816108595,642886
416,5,2.4,3562,5781,1.0,0,3,2,9,2747,1439,1949,1996,98124,47.33084014812655,-121.89740148036958,1621907
417,2,1.5,2836,4313,2.5,0,2,3,12,2311,1239,2017,1996,98149,47.40437294119931,-121.97275059288279,1525932
418,2,3.4,1092,8763,1.5,0,1,2,3,1027,79,2009,0,98092,47.542910279430195,-122.11261998121661,408676
419,5,3.1,2187,6939,2.5,0,2,5,12,1416,479,1971,0,98097,47.3429868676396,-122.24639490117846,1372585
420,4,1.7,1072,3295,3.0,0,1,3,7,2208,901,1987,0,98006,47.72166617744597,-122.24446410572074,741019
421,2,1.2,3925,6685,2.5,0,1,2,11,1906,890,1919,1996,98169,47.65900310505382,-121.88440788281493,1660169
422,4,3.0,2575,2696,1.0,0,2,1,5,1741,17,2017,0,98127,47.771816835324245,-122.47252949677161,933206
423,2,3.0,3501,2946,1.0,0,3,1,11,1610,1188,1913,0,98015,47.64673345298201,-121.80841214890582,1311364
424,2,1.8,2590,3783,2.5,0,0,5,7,1298,201,1904,0,98108,47.77020068613109,-122.0349372124039,1134558
425,3,3.9,2204,4644,1.0,0,0,3,11,2023,740,1940,1996,98131,47.57725627784548,-122.02320361064932,1175193
426,2,1.5,2970,6241,1.0,1,2,2,12,511,1369,1939,0,98043,47.600109305530985,-122.47340151388669,1361632
427,1,2.3,676,7420,2.5,0,2,2,8,1332,1389,1933,0,98047,47.78848552731313,-122.07612950757611,432341
428,5,3.8,1028,8557,2.0,0,1,1,11,3388,1471,2023,0,98099,47.62106457343213,-122.16065535793669,631354
429,5,2.3,2133,3645,2.0,0,2,5,9,3190,318,1979,0,98014,47.31539328443037,-122.42595476517415,1158291
430,4,2.9,1465,7589,1.5,0,1,1,9,1741,216,1944,0,98194,47.66190138831526,-122.30545459246144,698987
431,2,2.2,2017,7353,1.0,0,3,1,10,2172,1057,1970,0,98157,47.752734346068706,-121.87677988065045,736246
432,1,1.8,697,2932,2.5,0,2,5,9,2653,265,1979,0,98132,47.69779012489716,-122.11500810889383,658283
433,4,4.0,3157,2757,1.0,0,0,3,11,1190,723,1970,0,98154,47.59191663631271,-122.21060839737827,1508393
434,3,2.2,3389,6085,3.0,0,0,2,11,1027,774,1926,0,98115,47.63565175654676,-122.44912249091144,1216598
435,4,3.7,1352,6637,1.0,0,2,3,8,1995,1103,1977,0,98140,47.79509589462583,-122.00011493081838,738600
436,4,1.7,2037,2116,1.0,0,1,4,9,3393,412,1977,0,98002,47.345331044254664,-122.00800442362278,944641
437,2,1.6,2569,1492,2.0,0,0,4,4,1392,1275,1943,0,98145,47.63362241431662,-122.0701694751192,1108161
438,3,1.1,3683,9811,2.5,0,1,4,11,886,1035,1932,0,98035,47.441698847285295,-122.14281614764555,1740717
439,4,3.0,1580,8888,1.0,0,2,5,3,1749,400,1932,0,98010,47.620045198293084,-122.19635091845484,727724
440,1,2.1,3637,7474,2.0,0,2,1,3,3028,723,1943,0,98112,47.603811787941964,-122.0847102349084,897931
441,1,3.6,3389,5958,1.5,0,0,3,5,2277,281,1919,0,98171,47.37672841605408,-122.33662318379011,1244188
442,5,2.4,597,3743,2.0,0,2,2,8,907,1135,2016,0,98021,47.40337332287012,-121.84111865507565,402737
443,3,3.9,3715,8866,2.0,0,3,4,7,2176,722,2010,1996,98015,47.6108147890216,-122.08784382957384,1780516
444,3,1.6,2403,8160,2.0,0,3,3,4,1397,1401,1935,0,98163,47.36411497365189,-122.28216528895193,956274
445,5,3.6,934,6451,1.0,1,0,4,11,1210,750,1906,0,98112,47.43259043756516,-122.18522410438038,915981
446,4,3.3,1136,6258,1.0,0,3,4,12,3186,267,1931,0,98126,47.717622773868996,-121.93602064778618,983455
447,3,3.3,3657,9548,1.5,0,1,2,6,2182,297,2011,0,98085,47.463545753000815,-122.38686875748878,1343214
448,1,3.5,1087,8186,3.0,0,0,5,6,3362,1340,1966,1996,98085,47.54403007813483,-122.29501506427782,792760
449,1,3.3,843,7102,3.0,0,0,1,7,1417,569,1938,0,98188,47.77057016757292,-122.02434438408442,416925
450,2,2.9,1817,1619,3.0,0,1,5,10,2750,508,1992,0,98172,47.41357454441847,-122.27915755546245,972821
451,3,1.4,2479,1882,1.5,0,3,3,12,916,545,1923,0,98005,47.494813008679,-121.94524882269697,1353369
452,4,1.1,1070,9988,3.0,1,3,5,6,915,774,1985,0,98117,47.60322888777177,-122.40868255897584,887710
453,5,3.8,1110,4642,3.0,0,3,3,7,1971,364,1969,0,98146,47.677669464751986,-121.96611968068177,618841
454,5,2.8,2227,2296,2.0,0,0,3,6,2035,546,2011,1996,98149,47.75082669335635,-122.4521537996046,1020896
455,4,3.4,2790,9436,1.0,0,0,1,8,584,270,1987,1996,98072,47.75773649378675,-122.49118517113276,948897
456,2,2.4,2354,3895,1.0,0,3,2,5,666,1497,2003,0,98074,47.68832003718631,-121.87124353681749,961756
457,5,1.4,3108,7593,2.0,0,2,1,10,2931,738,1986,0,98051,47.414165418296655,-122.09306254814739,1161327
458,3,1.4,1459,1929,2.0,0,3,5,8,3015,536,1953,0,98169,47.31240466502128,-122.25372117203923,875373
459,2,3.1,2579,6366,2.0,0,1,3,12,1595,1257,1937,0,98024,47.49188696517781,-122.3371837541253,1239937
460,3,2.3,2938,9711,1.0,0,0,4,7,1309,58,1973,0,98152,47.370774425493906,-122.06817995171743,1187743
461,1,1.6,2824,4212,3.0,0,1,4,4,2044,1274,1979,0,98038,47.655193823719145,-122.14369847152429,1028218
462,2,2.5,1031,3409,2.0,0,1,3,12,2316,85,1974,1996,98044,47.63056529341286,-121.80588155712901,859595
463,5,1.2,1677,9199,1.5,0,0,1,12,3020,762,1931,0,98185,47.321985820810724,-121.81174880934238,754312
464,2,2.7,2930,4423,2.0,0,2,2,9,1492,389,1944,0,98187,47.71829688956547,-122.05548280370087,1201331
465,2,1.8,1591,7976,2.5,0,3,1,4,1781,1203,1960,1996,98162,47.42437163314559,-122.18999064572587,569937
466,2,3.4,2401,8594,2.0,0,1,3,3,774,718,1969,0,98075,47.51611353774552,-122.15620132160574,816215
467,2,1.9,1383,6158,1.0,0,0,3,9,2273,855,1987,0,98095,47.63396686772787,-122.0222646536342,579530
468,3,2.4,2761,4667,2.0,0,1,2,7,3037,148,1996,0,98023,47.51470939342612,-122.42889781903523,952881
469,1,1.0,2178,6973,2.5,0,3,5,3,2256,582,1952,0,98124,47.52064390139997,-122.2701535483325,985751
470,4,1.2,2923,7236,1.5,0,2,5,6,2873,120,1950,0,98086,47.33281399766787,-122.44730943129748,1282850
471,2,2.2,3291,9277,3.0,0,2,2,6,3076,764,1975,0,98043,47.50072177463,-122.44864746833815,1078449
472,5,2.4,2760,3468,2.0,0,2,5,12,1391,604,1955,0,98040,47.68242394660999,-122.36291253067404,1311576
473,2,2.8,2626,7217,2.5,0,0,4,9,588,255,1926,0,98047,47.757588168593294,-122.16032272178474,1160463
474,5,1.9,2249,4619,2.5,0,0,5,11,3033,765,1937,1996,98169,47.506748568531684,-121.95065797518605,1439771
475,3,3.1,3175,2636,1.5,1,2,5,4,1207,863,1961,0,98175,47.511792913439535,-122.16015287618389,1460189
476,5,3.6,3151,9155,1.0,0,3,5,3,2897,799,1917,0,98020,47.65131355316182,-122.2651663726074,1399035
477,4,3.3,1281,4583,2.0,0,3,4,4,886,1332,2008,0,98109,47.77138600055264,-122.44235290676427,648660
478,1,1.1,3952,5009,2.5,0,0,5,9,2634,58,2002,0,98193,47.43353047011968,-122.11479313377181,1913978
479,5,2.4,3548,4326,1.5,0,2,4,12,2854,1021,1963,0,98068,47.520072103268966,-122.31011198946177,1723537
480,5,1.3,3227,9148,3.0,0,3,2,8,2373,1092,2018,0,98024,47.697986621776145,-122.06954607545799,1194324
481,1,1.7,2605,3217,2.5,0,3,1,6,1677,1469,1976,0,98036,47.60484678468702,-121.8159685826073,832836
482,4,4.0,3597,5967,1.5,0,3,2,3,939,387,2016,0,98045,47.35529317198198,-122.42207997496571,1044168
483,2,1.4,1380,3369,1.0,0,0,1,3,3287,1109,2003,0,98130,47.61386636778113,-122.35151222089465,449634
484,5,2.5,946,4638,1.0,0,2,2,7,2811,785,1929,0,98028,47.393373142298664,-122.16883382333043,517642
485,1,2.9,2613,6722,2.5,0,1,1,3,1476,1250,2016,0,98154,47.5551079670392,-121.82197032925785,798594
486,3,3.1,2283,5444,2.5,0,2,1,9,1234,592,1948,0,98023,47.56455163383021,-121.959733156611,825571
487,1,2.7,1777,8618,2.0,0,2,3,3,2968,1207,1940,0,98164,47.73810168111249,-121.87123956478602,565737
488,3,1.0,2491,4947,1.5,0,0,1,3,3040,1345,2015,0,98091,47.53124713700622,-122.26639960606694,640491
489,4,2.0,1567,2676,2.5,0,3,1,4,1132,908,1912,0,98134,47.43972121111794,-121.80557306835497,568180
490,2,2.6,3668,2196,2.0,0,3,3,12,1492,1341,1933,1996,98163,47.41548317410801,-122.4280170287551,1676002
491,1,1.3,2077,3787,2.0,0,0,5,5,2958,565,1999,0,98103,47.73712593834217,-122.46291896576773,855222
492,5,2.1,1511,8432,2.5,0,0,5,3,672,398,1993,0,98038,47.38550542720911,-121.90107816106217,633536
493,4,1.1,2774,8927,1.0,0,0,3,11,503,898,1924,0,98163,47.51293428044157,-121.85091459085511,1139452
494,1,1.2,1273,4318,1.5,0,0,4,12,3401,1316,1965,1996,98094,47.39358655746347,-122.43659024971772,859717
495,5,2.2,3226,9858,1.5,0,0,1,10,2163,292,1999,0,98053,47.68665202005718,-122.42060080127791,1197520
496,1,1.4,2314,7689,1.0,0,1,1,7,2515,484,1917,0,98038,47.537186319987306,-122.47677808957096,725560
497,3,2.7,3148,3176,2.5,0,2,3,4,1995,1470,1904,0,98187,47.4755718452784,-122.42684470615009,1328511
498,1,3.1,2926,4743,1.5,0,2,3,7,1560,802,1918,0,98043,47.48054982031323,-122.3534061282398,1168489
499,1,3.4,1701,9792,2.5,0,2,4,8,3130,1435,1941,0,98103,47.726107103361485,-121.820946366763,752970
500,1,1.6,1950,5422,2.5,0,3,5,3,1554,889,1917,1996,98114,47.57688697714722,-122.03249784443223,1053045
501,4,1.5,3256,4824,2.0,0,1,2,6,880,243,2020,0,98004,47.65893392556563,-121.95501288213701,1009978
502,1,1.3,806,3451,1.0,1,2,5,11,1791,1443,1931,0,98005,47.74851925812534,-121.95670241741593,854289
503,5,2.9,1278,1628,2.5,0,3,1,4,2891,959,1920,0,98068,47.75087083802032,-122.12544837515455,569857
504,3,3.1,3051,8778,3.0,0,1,3,7,2092,1177,1909,1996,98123,47.464254527168926,-121.94175771560089,1235736
505,3,1.1,2815,4696,1.0,0,1,4,3,665,815,1936,0,98173,47.77622563157319,-122.08293472732701,1023661
506,1,3.8,507,4674,1.5,0,3,5,6,3247,1447,1948,0,98080,47.3124379410073,-122.27981773167765,472736
507,4,1.2,3055,4929,2.0,0,1,4,6,2889,272,1985,0,98153,47.48841778050808,-122.10722292386212,1264052
508,4,2.6,975,3765,1.5,0,3,5,8,1542,519,1912,1996,98011,47.747899428754415,-122.12654398970584,771892
509,5,3.1,1820,5369,1.5,0,2,1,12,2151,1151,1954,1996,98157,47.43731843990849,-121.92358286236848,1004520
510,1,3.6,2711,9307,1.0,0,3,2,11,1707,1396,1916,0,98162,47.436540725160654,-121.81279094783284,1074670
511,3,3.1,984,5956,1.5,0,1,4,5,1044,567,1908,0,98142,47.451311142540945,-122.21227020420535,606925
512,4,3.4,3643,1692,2.5,0,2,4,11,2739,637,1987,0,98120,47.60615669242346,-121.96562652509104,1665073
513,1,2.0,3114,4162,1.5,0,2,2,8,2867,158,1943,1996,98152,47.519166387807175,-122.43016589717331,1279724
514,4,3.4,1404,2105,2.0,0,0,4,9,3127,651,1977,0,98187,47.66336741817667,-121.9562180413862,928126
515,4,1.2,1058,4008,2.0,0,0,4,12,3022,175,1945,0,98167,47.74745532128233,-122.24000816160473,774256
516,3,3.7,2467,3161,3.0,0,1,5,4,3184,619,1907,0,98026,47.63709968747143,-122.47242688597721,1122282
517,2,2.6,2785,9345,2.0,0,3,5,12,2974,210,2018,1996,98171,47.40223336009878,-122.24572767500648,1690261
518,5,3.5,1627,4699,1.5,0,3,2,8,596,446,1936,0,98036,47.76634095118025,-122.07255007435485,879012
519,5,2.4,1733,4786,2.0,0,1,1,8,3043,585,1918,0,98167,47.432246436673736,-122.41652488262298,735786
520,3,2.9,3101,5200,1.0,0,2,4,4,3208,166,1962,1996,98189,47.374947147664074,-121.85317585529882,1321437
521,4,2.6,3375,2913,2.0,0,1,1,4,1801,459,1991,0,98144,47.34498363943048,-122.44562931070901,976127
522,1,3.2,967,6520,2.5,0,1,2,4,2556,915,1945,0,98122,47.58169187033308,-121.84899529611678,466630
523,4,1.2,3839,2772,1.0,0,2,2,12,956,1380,2004,1996,98059,47.35688123124032,-122.00500373744502,1590536
524,3,1.2,2933,3780,3.0,0,3,5,3,2318,1327,1993,1996,98096,47.36938794205631,-122.26920147721006,1358306
525,5,1.7,3322,8423,2.5,0,1,4,7,772,1256,1970,1996,98006,47.450015240297745,-122.22647475660364,1425651
526,4,1.5,1347,3871,1.5,0,3,3,10,3487,1350,2022,0,98098,47.44082650484223,-121.98143344468707,695781
527,5,3.6,2934,1660,1.5,0,1,2,4,1531,1205,2021,0,98056,47.602119755166065,-122.07897022938316,813425
528,1,1.7,3424,7242,1.5,0,2,4,7,707,1357,1925,1996,98136,47.70837263973634,-122.02984995498154,1495674
529,5,3.9,758,2132,2.5,0,2,1,10,2437,1052,2003,0,98094,47.680674828101445,-122.22758476844056,565426
530,5,2.0,782,1699,2.5,0,0,5,12,2160,713,1945,1996,98027,47.43124222735823,-122.15853056273468,806584
531,2,1.5,2149,8470,2.5,0,2,1,7,1646,1116,2017,1996,98199,47.42265524899299,-121.80709276117348,716602
532,2,3.4,2398,7297,1.0,0,0,2,4,1556,840,2023,0,98155,47.78289576505348,-122.3502539906502,891821
533,2,3.0,539,8812,1.0,0,1,2,5,2036,867,1945,1996,98120,47.30411812079598,-122.20750066943451,377544
534,5,2.5,3033,5557,1.5,0,3,1,8,703,687,1974,0,98174,47.73986026653011,-122.29572376869822,1226127
535,3,2.7,3476,3179,2.0,0,2,2,7,3065,329,1913,0,98169,47.3998642595612,-121.9644219426921,1399127
536,5,3.2,2767,9275,1.5,0,2,4,6,2332,1207,1984,0,98025,47.77364216154488,-121.96519116203399,1241870
537,3,1.7,3700,2422,3.0,0,2,2,6,3064,94,1962,0,98086,47.47115364241375,-122.29528817730183,1261298
538,3,4.0,1514,4180,1.0,0,1,5,7,942,784,1971,0,98146,47.520175886946625,-122.44302677835691,802591
539,2,3.9,3571,5316,2.5,0,0,4,4,1188,648,1902,0,98012,47.65356030697219,-122.49199712632945,1395379
540,4,3.0,1112,7696,1.0,0,1,3,11,3397,352,1927,0,98087,47.593834525736625,-122.20078462673025,732370
541,1,1.6,3475,1614,2.5,0,3,2,4,1332,929,1928,1996,98179,47.458969664853406,-122.21276368396497,1207823
542,2,3.0,2415,5570,3.0,0,1,2,12,2886,940,1986,1996,98109,47.57691545793391,-121.80812708495209,1031803
543,2,1.2,1187,1270,3.0,0,3,5,4,1961,983,1917,0,98167,47.66535344218144,-122.17113854701162,656080
544,4,1.1,1112,3468,1.0,1,2,5,12,1659,1288,1934,0,98089,47.321167472951245,-122.3205071412972,1068951
545,1,1.8,2807,4607,2.5,0,3,1,11,886,1042,1976,0,98010,47.30559965262785,-121.87613939127797,1224190
546,5,2.4,3537,4075,3.0,0,3,1,5,2541,645,1975,1996,98074,47.529033469536444,-122.1562524352425,1329739
547,5,3.6,3513,1289,1.5,0,0,1,12,3053,625,1946,0,98077,47.365918308901755,-122.08057705535259,1234724
548,2,3.2,2913,9120,1.5,0,3,5,9,1848,138,2013,0,98054,47.632172145732355,-122.43303190270025,1642426
549,1,3.2,2281,7614,2.5,0,3,1,6,2218,715,1904,1996,98157,47.407026228113715,-122.23195851486916,909217
550,2,2.3,2310,4252,1.0,0,1,1,8,1179,761,2002,0,98102,47.51642555339783,-121.83904342786835,809052
551,3,2.0,3091,8415,3.0,0,2,3,6,1189,254,1974,1996,98169,47.398835468437134,-122.0873462310772,1161479
552,2,2.1,3196,7771,1.0,0,1,1,12,3432,1108,2021,1996,98137,47.57424179287456,-122.25884870140028,1528222
553,2,4.0,2047,1278,1.5,0,1,2,9,2068,1481,1958,1996,98191,47.358026729692284,-122.06203297355788,972589
554,5,1.1,2430,1580,3.0,0,2,5,3,3170,675,1974,0,98165,47.311553426393736,-121.86271223729531,1121380
555,5,3.6,3361,5958,1.0,0,2,4,5,1669,91,1958,0,98142,47.325565819053345,-122.30820657966919,1219099
556,5,2.7,3587,9445,2.0,1,3,3,5,1392,1092,2010,1996,98101,47.77712922075765,-122.14641829707053,1553886
557,3,2.3,1652,5276,2.5,0,3,5,3,1452,36,2005,0,98073,47.371143109305464,-121.82891654226177,773208
558,5,3.2,1074,8997,2.5,0,0,5,8,1754,139,1946,0,98072,47.65423912656841,-122.37932269969109,876393
559,1,2.5,3680,5776,2.0,0,1,2,11,1283,866,1994,0,98167,47.33396310211141,-121.9962352520823,1539343
560,4,3.6,2410,1824,1.5,0,2,1,10,2546,679,1994,0,98168,47.35408017611759,-122.06986329425791,875382
561,1,3.7,1512,4832,3.0,0,3,2,9,2371,1201,1912,0,98054,47.554438125704664,-122.02422740820155,721228
562,1,2.3,1169,9891,2.5,0,2,1,12,994,136,1977,0,98003,47.53243546507717,-122.2541462585327,694917
563,5,1.8,768,6445,2.0,0,3,1,10,1246,189,2012,0,98183,47.775790154719935,-122.28028443856137,520249
564,4,2.8,3733,2380,2.0,0,0,5,8,2984,341,2008,0,98111,47.77241772651037,-122.02105323058814,1700323
565,4,3.7,1783,7534,1.5,0,0,1,11,2354,1028,2005,0,98161,47.68980432127123,-122.34911970042681,719976
566,4,1.6,1423,4156,1.5,1,2,3,5,2892,971,1988,0,98096,47.601050915063674,-122.2062416785987,745043
567,3,2.9,1625,5307,1.0,0,0,3,12,3097,1280,1932,0,98071,47.527480158696505,-122.36827774776296,833245
568,5,2.9,2029,6634,2.5,0,2,3,12,3367,661,1996,0,98019,47.47808926716421,-122.49418661121366,1123170
569,4,3.2,2258,9575,1.0,0,3,5,11,3088,242,1961,0,98034,47.77354377348777,-121.82095984797334,1313111
570,3,1.4,2094,6810,2.0,0,1,2,6,2691,414,1978,0,98050,47.60145440571234,-122.19780791494051,798835
571,2,3.1,746,9533,3.0,0,0,4,9,3135,706,1915,0,98175,47.589536263842994,-121.82145526990612,699589
572,2,3.7,2060,6934,3.0,0,3,1,11,1156,342,1943,0,98046,47.415950560884454,-122.40177353616252,647790
573,3,1.5,2678,4109,1.5,0,1,4,4,2382,681,1957,0,98184,47.323348908942556,-122.08884325437975,1077666
574,3,1.7,2900,5082,3.0,0,1,2,4,2892,1402,2019,0,98185,47.77259428987977,-122.35931817704613,821101
575,5,3.9,2743,4240,3.0,0,1,2,11,3243,652,2001,0,98083,47.45686762942233,-121.9469481111257,1015552
576,5,1.5,2439,7028,3.0,0,3,5,5,2296,145,1905,0,98051,47.52129451166223,-121.95140790786732,969420
577,2,3.6,1429,2849,2.0,0,3,3,11,767,322,2007,1996,98054,47.35731997179285,-122.42117499567249,830820
578,4,2.5,3953,9497,3.0,0,2,3,7,2716,121,1988,0,98090,47.718462164954644,-121.86155488298652,1529252
579,2,1.7,3569,3749,3.0,0,1,2,8,2262,1275,1914,1996,98081,47.31381591642796,-122.36375924695774,1321261
580,4,3.6,3192,7680,3.0,0,1,5,4,2580,310,1903,0,98118,47.71699538104954,-122.07091586088744,1208271
581,4,2.3,726,1205,1.0,0,1,5,10,876,600,1955,0,98156,47.37014250639398,-121.8100564659386,683166
582,5,2.5,3248,8352,2.0,0,2,1,11,2085,474,1963,0,98019,47.74328205631557,-121.88232242566355,1137058
583,1,2.1,764,5591,1.5,0,1,3,4,1963,569,1967,0,98027,47.664886318668074,-121.83040525000717,399534
584,1,2.8,1895,4450,1.0,1,3,2,8,2940,574,1993,0,98176,47.38233513125365,-122.26018086014732,1098371
585,3,1.5,1957,8214,2.5,0,1,4,8,988,346,1933,0,98147,47.58290899642973,-122.42609705044637,932426
586,5,2.2,1145,4811,2.0,0,0,3,10,1221,819,1990,0,98179,47.45632815717761,-122.36815718869738,889860
587,4,3.9,2758,6141,2.0,0,3,1,12,1445,1496,1994,0,98007,47.38911654945579,-122.14965357344637,1192943
588,1,1.8,3948,9501,2.5,0,2,5,7,2586,381,1955,0,98157,47.72959109970555,-121.94473922520868,1783417
589,4,3.0,1918,3708,2.5,0,1,2,11,2135,1303,1931,0,98171,47.50176138325361,-122.39489244907129,1027403
590,1,2.0,1973,2991,2.5,0,0,3,3,1540,71,2007,1996,98069,47.49927185718269,-122.03818792741747,773307
591,1,3.3,3490,9463,1.5,0,2,4,11,2773,520,2002,0,98094,47.38494333740331,-122.27349567717233,1357910
592,1,1.4,1887,4273,3.0,0,2,1,12,2614,1389,2015,0,98113,47.491532838042886,-122.26115854932549,704261
593,5,3.9,2399,5538,2.0,0,3,1,9,2177,932,1908,0,98107,47.73580842316442,-122.03665758888945,883412
594,2,2.4,3004,9712,3.0,0,2,3,6,3382,1117,1962,0,98120,47.481564355244814,-122.17310040632674,1168473
595,4,1.7,3272,4722,3.0,0,2,4,5,1498,1396,2004,0,98186,47.77580178124989,-121.9315766948818,1191355
596,5,1.2,1749,4551,2.5,0,2,1,12,2277,338,1971,0,98136,47.77315444960419,-122.39085704323602,841113
597,5,1.5,1481,3832,1.5,0,2,2,8,2784,1460,1977,0,98170,47.37244932965367,-121.94703621116307,642130
598,5,2.6,1654,6679,1.0,0,1,1,3,1456,1359,1932,1996,98042,47.38865562676132,-122.4550353263598,596659
599,5,2.0,1087,7579,1.5,0,1,4,5,3466,663,1986,0,98013,47.73133703516594,-122.36416228382808,665035
600,5,3.5,975,1152,3.0,0,1,5,4,2089,39,1920,1996,98154,47.49638045946236,-122.04069519984779,617996
601,3,2.3,2321,6754,1.5,0,1,5,11,1661,1382,1954,1996,98018,47.302186991141504,-121.90155204044225,1271438
602,4,1.7,1485,3800,2.5,0,0,3,5,3020,573,1975,1996,98042,47.436935909852686,-122.32312426058246,705506
603,5,2.9,3848,6310,1.0,0,1,4,4,2368,1277,1956,0,98051,47.598814496597775,-122.27096587591976,1369301
604,4,3.1,2703,3610,2.5,0,2,1,6,1052,965,1901,0,98113,47.69963298297998,-122.12401547619928,841461
605,3,1.5,1741,2104,1.0,0,1,1,4,2133,580,1912,0,98144,47.36669430854663,-122.35189903545749,579197
606,3,1.5,689,8361,3.0,0,1,5,3,1194,1421,2022,0,98101,47.355270682208364,-121.93219061688875,387159
607,4,1.1,1940,5199,1.0,0,3,5,8,816,169,1903,0,98003,47.761046326786165,-121.95845434849596,1132304
608,1,3.2,1480,4854,1.0,0,2,2,12,3145,700,1983,0,98079,47.67557418391129,-122.39829580162396,877695
609,2,3.0,2198,8263,1.0,0,1,5,10,1267,510,1949,0,98098,47.59488980038903,-122.17531918772836,1145396
610,1,2.4,2215,2914,1.5,1,1,2,12,3433,1283,2014,0,98173,47.68459339499796,-121.95762056334176,957341
611,1,3.5,3093,8365,1.5,0,1,1,12,3108,583,1947,0,98150,47.514427180653314,-122.26386932822761,1156825
612,1,3.4,540,4072,3.0,0,0,2,4,2471,983,2022,0,98023,47.67922787365456,-122.05682522409758,356875
613,5,2.8,2854,1406,1.0,0,1,2,11,2805,458,1977,0,98059,47.485901495637265,-122.4648508149797,1274460
614,3,3.6,1442,1166,2.0,0,3,3,5,2003,528,1929,0,98190,47.4220472862463,-122.07391786762948,862181
615,1,1.6,837,1508,3.0,0,2,5,10,3304,340,1928,0,98113,47.66450671064648,-122.39314291399957,773895
616,3,1.3,1837,2661,1.0,0,2,2,10,622,56,1907,0,98068,47.509836146078634,-121.91859167241988,892290
617,4,1.8,1598,4664,1.0,0,1,1,5,2889,217,1911,0,98054,47.7906885521631,-122.25118537549366,498501
618,2,1.2,3500,4489,1.5,0,1,4,5,2368,618,1940,0,98057,47.47474259115405,-122.30291229609026,1268286
619,4,2.6,2826,1680,3.0,0,1,2,8,2171,815,2001,0,98151,47.76086371026553,-121.91137771630196,1217122
620,4,3.8,3747,3524,1.0,0,2,5,3,1582,730,1925,0,98111,47.766481274283535,-122.46489918384974,1534763
621,5,1.1,1395,3120,1.0,0,2,3,6,2228,463,1949,0,98060,47.42092647353237,-122.22237384046596,694723
622,2,1.4,2820,6260,3.0,0,0,1,3,2807,246,1901,0,98073,47.69911059079401,-122.24099752159748,737135
623,4,2.4,3384,5357,2.0,0,3,3,5,2496,729,1954,0,98055,47.51653725257228,-122.30063973802531,1096040
624,4,3.8,3167,2363,3.0,0,0,4,11,2642,372,2003,0,98117,47.75876236361517,-121.86177196759897,1435747
625,2,1.9,2174,3292,3.0,0,3,2,7,1648,416,1955,0,98063,47.525062136317615,-121.97435012453829,782103
626,2,2.5,3409,2538,2.0,1,0,2,7,2588,1054,1913,1996,98184,47.67215185866868,-122.45525378506564,1443274
627,4,1.1,1430,4408,3.0,0,2,5,6,2414,367,1905,0,98055,47.5334837045819,-121.99971878539553,694754
628,2,1.4,788,8742,1.0,1,0,2,5,753,558,2005,1996,98025,47.41390037785643,-122.13089060680984,520641
629,4,4.0,1223,9752,3.0,0,3,1,7,506,107,2003,0,98026,47.39967506447234,-121.8693924739189,689054
630,4,3.9,3440,2903,2.0,0,1,4,6,3275,583,1994,0,98177,47.51271559712817,-122.28093806785616,1348659
631,5,1.0,2819,1174,2.5,0,3,3,10,2616,838,1980,0,98063,47.6777473285071,-122.09808660027329,1143487
632,1,3.9,2453,3230,3.0,1,1,4,6,1041,417,1988,0,98173,47.60253574259038,-122.14947130768131,1268773
633,4,2.9,1589,5287,1.5,0,2,2,10,588,820,1960,0,98073,47.64431464495027,-122.15730736564068,749831
634,3,3.6,982,5160,1.0,0,3,3,8,2438,1421,1995,0,98079,47.44116317536597,-122.18072622033795,644277
635,1,2.4,1435,8106,1.0,0,0,5,7,712,1295,1911,0,98167,47.5407176729788,-122.3560593671274,811621
636,1,2.5,2795,4171,1.5,0,3,4,6,3381,682,2012,0,98065,47.32219763248466,-121.97100305425532,1059459
637,1,2.5,655,2567,1.5,0,1,3,6,765,1139,1912,0,98069,47.70876620797906,-122.1840647770825,350122
638,5,3.0,1570,2151,3.0,0,2,3,6,3459,255,1918,1996,98184,47.79494608111993,-121.82903860749818,818630
639,4,1.4,2458,8619,1.5,0,0,3,11,2840,1104,1943,0,98009,47.50343953131233,-122.31743410096506,1207206
640,5,1.1,3001,7033,2.5,0,3,1,6,1730,779,2011,0,98198,47.30548182656577,-122.02207931226107,1125746
641,4,1.9,2748,9560,2.0,0,1,4,11,2880,1151,1988,0,98156,47.38489631977547,-121.84149804425262,1308155
642,5,3.1,2183,5946,1.5,0,0,3,12,1504,837,1994,0,98173,47.626263438875206,-122.03557917388873,1174246
643,5,1.6,623,9234,1.5,0,2,4,8,2594,914,1958,1996,98026,47.606039659101924,-121.89010896466782,625640
644,3,3.0,2548,2907,2.5,0,0,3,12,1121,234,1936,1996,98028,47.69393235979277,-121.9207633281701,1346509
645,5,3.9,1467,4490,1.0,0,2,5,9,926,552,1924,0,98040,47.426942005480534,-122.2479175991577,906290
646,2,1.3,1354,3535,1.0,0,0,5,12,709,180,1915,0,98143,47.681815957773566,-122.07991324204235,890040
647,3,3.0,1139,5173,3.0,0,3,5,5,1387,156,2020,0,98134,47.643992010761835,-122.39061706213205,668314
648,5,2.3,2738,2293,2.5,0,1,2,10,1943,1477,1937,0,98027,47.46140724885692,-122.12513188211308,1082050
649,1,3.6,2102,5769,2.0,0,3,3,5,653,570,1942,1996,98038,47.57274407402848,-122.33870461972997,991656
650,2,1.5,3063,5796,2.0,0,3,2,3,914,856,2012,0,98196,47.37363690424916,-121.97938422953328,924604
651,2,3.1,941,7871,2.5,0,2,4,12,1680,1047,2021,0,98085,47.52628225171779,-122.1303591046755,756105
652,2,3.5,2444,3972,2.0,0,2,2,7,1784,1496,1986,0,98064,47.74059866977782,-122.21214084615784,995888
653,3,3.8,2338,4922,1.0,0,2,4,4,1268,1423,1913,0,98030,47.51059568991269,-122.31184203268312,954430
654,5,3.0,2329,5997,2.0,0,3,4,12,1482,947,1905,1996,98099,47.71978335323771,-121.8009110627111,1449518
655,5,2.5,2690,8032,2.0,0,0,4,8,2011,591,1988,0,98131,47.59512668262985,-122.44980263538055,1164361
656,1,2.9,3762,1992,2.5,0,0,2,12,1078,133,1922,0,98190,47.39593835655118,-122.4695075235993,1467533
657,1,3.6,1032,9112,2.5,0,3,3,11,3287,420,1959,0,98012,47.59055312234894,-122.3479198196543,908554
658,2,2.7,2774,6287,2.0,1,3,2,3,2710,212,2006,0,98091,47.55299166457853,-121.82024927896052,966079
659,1,1.1,1836,3240,1.5,0,1,3,6,1538,899,1911,0,98030,47.49932066759819,-121.81453328217601,658186
660,3,3.8,1448,2476,2.5,0,2,3,3,2742,481,1912,1996,98038,47.35981521975803,-122.04155058565951,713727
661,5,3.1,3873,7426,3.0,0,2,4,3,1041,347,1999,0,98085,47.50835433192361,-121.88392533295551,1412804
662,2,3.0,2519,1389,3.0,0,3,2,10,858,165,2002,0,98060,47.33638118811981,-122.35022678841145,1060950
663,1,1.6,959,1999,1.0,0,3,3,4,1349,936,1997,0,98038,47.34938452569937,-121.81957053407636,511982
664,3,3.0,3972,2855,2.0,0,0,5,3,926,347,1905,0,98104,47.50795826646635,-122.4000506049023,1345243
665,3,2.2,1050,9125,1.5,0,3,3,10,3044,848,1962,1996,98143,47.45269074098423,-122.42921236827284,831575
666,1,3.0,892,9850,1.0,0,0,5,6,3375,397,1937,0,98146,47.76277216293111,-122.42145192252691,601611
667,5,1.3,2287,3763,2.0,0,3,2,5,985,582,1949,0,98180,47.48785290269013,-122.0988104537092,973168
668,1,3.0,1344,4663,2.5,0,1,2,6,2331,725,1951,0,98029,47.678929061036044,-121.95331791949737,621395
669,2,4.0,3778,5986,3.0,0,1,2,7,1972,1458,1939,0,98112,47.56512376318312,-122.24333297548776,1295230
670,1,1.1,2757,2481,1.5,0,0,3,3,1936,1244,1907,0,98188,47.652042834321165,-121.81547280854971,906277
671,3,3.9,1638,8256,3.0,0,2,1,3,829,307,1960,0,98021,47.430057991507695,-122.19590590331717,511714
672,1,2.2,1145,4731,2.5,0,1,3,5,2255,990,1907,0,98145,47.77095248641916,-122.39468601445874,495758
673,5,3.6,3822,8262,2.0,0,0,3,8,3436,797,2003,0,98146,47.56504424845721,-122.1738232762697,1312797
674,4,3.3,2766,1451,2.5,1,3,4,3,1670,718,1996,0,98185,47.71566203564262,-122.02467398420428,1233271
675,1,2.7,2954,4093,2.5,0,3,4,4,758,465,1933,1996,98119,47.48252284673806,-121.91744195364693,1516853
676,5,3.2,1966,1882,3.0,0,0,3,9,2839,98,2007,0,98165,47.35010567452526,-122.17886219703038,941964
677,5,3.6,1877,5408,1.5,0,2,5,3,642,1265,1978,0,98060,47.63685582386042,-122.08447522176559,840524
678,3,2.2,3435,5068,2.5,0,0,4,9,2516,157,1999,0,98166,47.30387982416871,-122.3128587014888,1396689
679,5,2.0,3105,4277,3.0,0,0,3,6,3294,609,1959,0,98140,47.53764648828275,-122.04785843151613,1145100
680,5,3.0,3097,9566,1.5,0,1,1,12,1126,553,1956,0,98113,47.39640095133323,-121.80981963923476,1260009
681,5,3.4,641,8951,2.0,0,0,5,8,1888,650,1998,0,98129,47.61368775221768,-122.46566249918854,545212
682,5,3.3,3159,5690,2.0,0,0,2,10,589,919,1945,0,98058,47.789709936568926,-121.87942853050637,1461131
683,2,3.4,1000,5595,1.0,0,3,3,11,1219,226,1921,0,98003,47.53220145316032,-122.10640224806274,712739
684,2,2.3,1339,5559,3.0,0,1,3,8,980,422,1986,0,98191,47.70874912826283,-122.32353093830639,584262
685,3,3.5,3249,8291,1.5,0,3,5,11,2631,1095,1939,0,98149,47.55389209347556,-121.83157720299351,1622891
686,1,1.4,2182,9160,2.5,0,3,4,6,1600,242,1944,0,98023,47.54792001555201,-122.16165198785878,1010709
687,5,2.6,2065,1112,2.0,0,2,4,8,1172,529,1954,0,98137,47.76521174658939,-122.26781682382862,935311
688,1,1.0,2546,6131,1.5,0,2,4,10,1016,1068,1950,0,98083,47.74498293437334,-122.3729516602104,1065437
689,1,2.0,2030,4197,3.0,0,1,2,11,3032,1495,1985,0,98055,47.692900232593985,-122.32888345282034,1064103
690,3,2.1,1095,1139,1.0,0,1,5,5,2113,370,1904,1996,98110,47.44812787665839,-121.91700567088598,588278
691,5,2.2,2404,2424,2.0,0,2,5,4,1281,651,1994,1996,98116,47.57250420786197,-122.06991299347798,1233267
692,5,3.1,780,3949,1.5,0,2,4,8,2651,688,1912,0,98147,47.411948616652836,-121.86072806635818,697432
693,4,2.2,923,4168,1.5,0,2,4,6,2535,733,1927,0,98062,47.521958349023265,-122.33762208348955,733778
694,1,2.3,3403,9708,1.5,0,2,1,3,2886,91,2021,0,98087,47.54210653287989,-122.41520299830577,781255
695,1,1.7,769,7043,3.0,0,2,1,10,1186,1045,1983,0,98167,47.715820020084664,-122.4957387283171,612879
696,2,2.1,653,7989,3.0,0,3,3,11,2089,171,1996,1996,98100,47.748014182662494,-122.1444965736688,780995
697,4,1.7,3161,8236,3.0,0,1,3,11,1399,1215,1979,0,98027,47.50731003119824,-121.8011851487326,1470123
698,2,1.2,2250,7261,2.5,0,3,5,4,2001,1100,1961,0,98174,47.308852222536615,-122.01352431182696,1121537
699,2,2.8,1161,1887,1.5,0,3,5,11,3154,1304,1992,0,98034,47.73088691989467,-122.2841237856244,930459
700,2,3.0,2467,4104,2.0,0,0,2,9,722,1387,1986,0,98033,47.38713933925068,-121.88619899188167,868078
701,3,2.9,582,1049,3.0,0,3,2,7,1576,178,1923,0,98092,47.61094098194519,-121.95279441380842,463587
702,3,2.4,3494,4951,3.0,0,2,1,9,1600,237,1997,0,98096,47.31248545021706,-122.48920938374643,1302873
703,2,2.1,3446,4560,1.5,0,2,3,11,2241,1158,1906,0,98178,47.49975323763028,-121.92819766362128,1513215
704,4,3.6,1949,1018,3.0,0,0,1,10,1002,876,1937,0,98148,47.79298015105767,-122.28963126993305,811551
705,1,2.6,1798,5821,2.5,0,0,1,8,1839,901,1936,0,98168,47.3503468005519,-122.39522857479147,656318
706,4,2.4,2831,7340,2.5,0,0,3,6,3369,279,1967,0,98095,47.51184657599982,-122.34156841218405,1177068
707,5,1.1,1479,9058,3.0,1,0,2,3,1123,1042,1997,0,98186,47.45357497509497,-122.1719941369374,563396
708,3,2.0,2720,3606,1.5,1,0,3,8,2386,739,1941,0,98159,47.75254406169413,-122.2025924510524,1055029
709,1,2.1,3898,8846,1.5,0,3,4,5,2712,370,1985,1996,98038,47.73467005395367,-122.29777889043804,1533015
710,1,2.2,3634,9643,1.5,0,0,4,8,1550,1135,1904,0,98173,47.41884938015311,-122.37944717445508,1359730
711,5,2.7,3644,7432,1.0,0,3,4,8,1593,869,1963,0,98041,47.34059389352521,-121.96643844725048,1681252
712,5,2.6,3310,4765,3.0,0,1,5,6,2485,1018,1949,0,98137,47.61356919703056,-121.80692315138556,1732163
713,2,2.8,2159,3438,1.5,0,0,2,4,1888,220,2005,0,98137,47.46818435594185,-121.95554589370622,740528
714,3,3.3,1898,7358,2.5,0,0,2,11,1829,919,1986,0,98191,47.63604219530303,-122.29284412262992,869805
715,3,3.4,1132,9319,2.0,0,3,5,4,1647,303,2017,0,98079,47.316059878033904,-122.3286337270115,672509
716,4,3.2,2031,6941,2.0,0,1,1,5,518,1348,2023,1996,98128,47.36669961758874,-122.34763388675384,833893
717,2,3.9,1286,8644,1.5,1,3,4,12,1780,1460,1914,0,98022,47.64318611638632,-122.40431344785767,1180481
718,2,1.1,3490,5855,2.0,0,3,4,3,1545,437,1994,1996,98016,47.406185327651244,-122.11406861521539,1378461
719,2,1.6,3559,7547,2.0,0,0,1,9,1488,1193,2022,1996,98032,47.7287938378812,-122.07621973963266,1356476
720,2,1.0,897,8196,1.0,0,2,3,3,2997,374,1972,1996,98194,47.32929544385507,-122.0061481375358,514616
721,3,2.9,1643,6911,2.5,0,2,3,11,3099,380,2006,0,98142,47.407740991392785,-122.02385064034642,966392
722,3,3.7,1433,7481,2.5,0,3,2,3,2073,985,2021,0,98038,47.79928012424253,-122.29536668210163,675806
723,2,1.7,1960,3761,1.0,0,0,5,7,1571,13,1952,0,98098,47.516538051293395,-122.26878229622221,868608
724,4,3.8,2352,5456,1.0,0,1,2,9,3242,742,1924,0,98136,47.65148283177232,-122.02293982519036,986090
725,1,1.2,3223,7361,2.0,0,2,3,5,3134,668,1988,0,98021,47.3913315244285,-122.25538665145146,1256086
726,1,3.8,3483,6693,3.0,0,1,1,11,3268,499,2012,0,98056,47.60493436749277,-122.35116376726648,1208354
727,4,2.1,3012,6788,2.0,0,2,2,10,1706,1414,1984,0,98046,47.663053034184706,-122.23796469241228,1164241
728,2,1.3,785,1201,1.0,0,0,4,5,1958,564,1908,1996,98043,47.45723831793325,-122.30954108969541,518334
729,3,2.5,764,7160,2.5,0,3,4,7,2654,529,2018,0,98120,47.714448555987936,-122.438181095147,626688
730,1,1.8,2867,1517,2.0,0,1,1,9,1711,491,2011,0,98046,47.60170878923614,-121.91890276840634,914177
731,5,1.9,3220,8737,3.0,0,1,3,6,1275,1408,1937,0,98048,47.494561504807514,-121.90282202759008,1195153
732,5,1.9,3947,2988,2.0,0,3,4,7,2359,1219,1921,0,98198,47.578821196671576,-122.34617478988318,1476258
733,4,3.4,3367,4802,1.5,0,1,4,5,2366,754,2006,0,98084,47.58838042371796,-122.45465946033237,1340905
734,2,2.6,2636,6808,2.0,0,2,5,11,1660,299,1986,1996,98031,47.38276764634693,-121.98282079385417,1623007
735,1,1.9,2177,8162,1.0,0,3,2,12,2381,814,1948,0,98161,47.50136618493348,-122.3519299618956,927023
736,2,2.8,1726,7241,2.5,0,2,3,11,3445,546,1967,0,98172,47.47171529400974,-122.22459515739419,861368
737,1,3.1,1320,9399,2.5,0,2,2,9,2883,726,1992,1996,98071,47.500451361289564,-122.45510532343383,846208
738,4,1.8,2262,6633,1.0,0,0,3,12,3154,730,1914,0,98008,47.68055529424262,-122.34161129066909,1326650
739,4,2.2,3548,6755,1.5,0,2,4,4,3385,827,1964,0,98130,47.541269203733336,-121.94496840516925,1241100
740,5,1.4,2881,7309,1.0,0,0,5,9,2280,601,1953,1996,98145,47.77015807661963,-121.93692248715935,1487035
741,2,1.5,2769,5117,2.0,0,1,2,9,1101,1331,1929,0,98052,47.44683820667922,-122.3550406225786,1060430
742,5,3.0,540,9345,1.0,0,1,4,7,2094,1275,1992,0,98045,47.507851789142464,-122.26486030842531,481591
743,2,1.5,2231,2518,1.0,0,0,3,11,2950,1031,1919,0,98037,47.69347840523952,-122.40603310663438,936730
744,5,2.6,567,7163,1.5,0,2,2,5,1039,767,1932,0,98170,47.57301229666037,-122.44807915880055,456170
745,3,3.1,1487,3600,2.0,0,3,2,6,1595,874,2004,1996,98044,47.57351407321222,-121.80547979988611,732947
746,3,1.3,2299,3195,3.0,0,3,4,3,2305,1231,2007,0,98117,47.32667008150259,-122.0410842341286,965979
747,3,2.7,3061,4554,3.0,0,0,2,8,523,936,1999,0,98038,47.499299831359224,-122.12053244356117,1076699
748,3,1.8,2121,3849,2.5,0,1,5,6,1123,130,2023,1996,98099,47.43536686621086,-121.96415104971629,1134888
749,1,3.9,2155,2742,1.0,0,1,5,3,2335,607,1985,1996,98124,47.79966756141555,-121.91194598821859,1009741
750,3,2.5,3698,2306,2.5,0,3,4,4,1579,25,1976,1996,98006,47.454177535316155,-121.93529966236869,1563871
751,4,3.4,1778,4849,1.5,0,0,3,5,1485,1477,1906,0,98068,47.74224826739693,-122.48842238549709,686713
752,4,2.7,1194,8519,3.0,0,3,4,11,722,634,1907,0,98179,47.63811686752024,-122.36923447126665,1071117
753,1,1.1,3587,5195,1.0,0,2,5,10,678,1209,1927,0,98101,47.47045820459604,-122.04156628851752,1766411
754,3,2.9,3024,6178,1.5,0,2,1,9,3347,483,1944,0,98163,47.57176718918706,-122.23696845653723,925982
755,3,3.9,1585,3555,1.5,0,0,1,6,2981,679,2006,0,98186,47.7202679399746,-121.81226214425722,560019
756,3,2.8,3428,3305,1.0,0,0,2,3,2460,1074,1972,0,98185,47.741684149015455,-122.03421664515322,1087649
757,5,3.5,2979,8619,1.5,0,2,2,10,1973,4,1988,0,98134,47.38019693750307,-121.83041576388955,1143291
758,2,3.7,2193,3642,1.0,0,1,1,6,1292,588,2019,1996,98013,47.46978657060408,-122.35898746284795,950220
759,5,1.7,2815,7409,1.0,0,0,5,5,1383,1183,1979,0,98187,47.467611590106785,-121.89523008031948,1209950
760,2,1.6,1558,5757,2.0,0,2,2,11,3039,207,1973,0,98030,47.32102239803797,-122.27505338592934,750290
761,3,2.8,1278,3994,2.5,0,2,4,12,1712,256,1910,0,98100,47.599118879925946,-121.80730463423353,986094
762,3,2.2,993,9751,1.5,0,1,4,6,2101,1228,1930,0,98002,47.72741002649609,-122.38961792954879,486351
763,5,3.5,2085,2271,1.5,0,1,5,6,1309,10,1911,0,98058,47.49078719391276,-122.13856212681317,1142215
764,5,3.7,1992,2813,2.0,0,1,2,11,1460,948,2023,0,98036,47.67001797249208,-121.94500882631401,1049302
765,2,2.1,2290,9801,2.0,0,1,4,4,919,7,1994,0,98072,47.613850206800365,-122.19715026357717,824194
766,4,1.7,1160,3461,2.0,0,3,2,7,3196,1432,1977,0,98173,47.4878243677465,-122.17234115786864,630809
767,2,3.3,1848,5120,3.0,0,1,2,6,1687,935,1950,0,98137,47.370529899746145,-121.80955094314598,609342
768,5,1.8,1827,7124,3.0,0,3,4,11,1778,31,1943,0,98126,47.65466192638798,-122.2022842947892,1074091
769,5,3.5,1799,9475,3.0,0,0,1,7,3023,539,1995,0,98193,47.727282584470615,-122.07714952958065,759537
770,1,2.3,2486,5396,1.0,0,2,4,11,1940,1004,1949,0,98077,47.64292724620074,-122.4618222375274,1196045
771,5,3.0,3560,1816,1.5,0,3,5,11,2717,386,2016,0,98050,47.30893924201741,-121.91045294385282,1721356
772,1,1.3,2544,8304,2.5,0,0,3,4,1840,1251,1916,0,98032,47.408116447195496,-122.04628236571432,887839
773,4,2.9,3772,8331,1.0,1,0,4,11,2721,639,1934,0,98098,47.33473999244176,-122.21718592799603,1837795
774,2,2.4,2428,1082,1.5,0,3,2,5,3017,1498,1900,0,98043,47.58519304978811,-122.48868132203184,969107
775,2,2.8,1847,2920,1.5,0,0,2,6,2892,206,1928,1996,98125,47.6782388394202,-122.08583182558455,721045
776,1,1.5,1558,8817,2.0,0,0,4,3,2992,1341,1950,0,98095,47.35528959353433,-122.49113952006108,601471
777,2,3.2,1476,3093,2.0,0,3,3,3,1541,556,1963,1996,98078,47.71916891029669,-122.49915747026368,641942
778,5,3.6,981,8071,1.0,0,0,4,3,1593,347,1903,0,98054,47.57775448919774,-122.06873100649545,489539
779,3,1.7,1227,8967,2.0,0,1,3,11,1861,792,1986,0,98047,47.64498450607086,-122.36768805286582,659867
780,1,1.3,3027,9367,1.5,0,1,3,10,3175,233,1927,0,98014,47.78570092430432,-122.36567871519733,1269274
781,2,1.1,3636,6285,2.0,0,2,5,7,1091,1067,1915,0,98176,47.34184049412384,-122.04270990391707,1487225
782,1,2.9,1531,5937,3.0,0,0,2,7,1026,1005,1962,0,98055,47.75061201148889,-122.46241196844244,657246
783,1,2.8,3872,1369,2.0,0,2,2,11,3003,736,1975,0,98157,47.363051347993704,-122.28061610696781,1350308
784,3,2.6,842,2818,1.5,0,1,3,5,1792,941,1952,0,98175,47.49647940331834,-122.39539766850059,476463
785,5,1.7,1947,3101,1.0,0,1,2,5,2154,1165,1984,0,98063,47.725719348165555,-122.09387654114242,709511
786,1,2.2,2879,4490,2.5,0,1,1,9,1310,175,2008,1996,98019,47.75312711836893,-122.03676439169082,1051353
787,2,2.8,2985,2779,2.0,1,0,3,11,687,448,1916,1996,98091,47.55318583677257,-121.99520490248067,1514684
788,4,2.5,2721,8674,1.5,0,0,2,8,2092,591,1939,0,98137,47.59705231913771,-122.321338148157,1001226
789,1,4.0,3106,2364,2.5,0,1,1,4,3258,81,1912,0,98101,47.65407366729927,-122.4375251738544,907216
790,1,1.4,1026,8294,2.5,0,2,5,3,1028,134,1951,1996,98037,47.71637933422635,-122.44492144014067,655151
791,3,3.1,2396,4676,3.0,0,2,2,4,933,855,1957,0,98107,47.36075558476883,-122.2016939160845,956842
792,5,2.2,1158,3426,2.5,0,3,1,3,2835,1200,1995,0,98092,47.70503465411461,-121.8379089136561,378414
793,4,2.3,2573,9264,1.5,0,1,4,12,2441,1406,1936,1996,98052,47.540638075255806,-122.34758967602708,1306358
794,2,3.2,1319,9089,1.5,0,2,4,12,3046,1266,2013,0,98185,47.52531171255408,-122.32028087906092,910679
795,4,3.1,3152,3962,2.0,0,1,1,11,2304,1164,1978,0,98028,47.511949875998496,-122.4293778385259,1147200
796,2,4.0,905,1859,2.0,0,2,3,12,802,1480,1975,0,98036,47.55460579262302,-122.07610080827425,720792
797,5,1.4,2779,5138,2.0,0,3,3,10,586,439,1960,0,98116,47.7725252766973,-122.02408898823697,1262417
798,2,1.3,3080,3424,2.5,0,3,2,9,3377,1079,2012,1996,98064,47.57410188639607,-122.04994815428746,1295323
799,3,3.2,2073,5017,2.5,1,1,4,5,937,696,2020,0,98018,47.776588769131564,-121.89720882986865,1028711
800,3,2.7,2311,9560,3.0,0,2,3,10,3088,418,1978,1996,98089,47.39014506530782,-122.15950191548175,1212521
801,3,1.8,1004,9342,2.0,0,0,3,4,1545,87,1933,1996,98163,47.662067989416315,-122.40588007146306,462031
802,3,1.2,678,2134,1.0,0,3,4,4,1332,655,1969,0,98196,47.70611976930437,-122.2974164085069,474364
803,4,1.3,631,6166,3.0,0,1,5,12,1296,1031,1916,0,98078,47.63956441566743,-122.03629901860505,840327
804,5,3.7,2346,6119,1.0,0,1,3,5,1059,214,2011,0,98167,47.60346114011327,-122.07081461838091,763123
805,2,1.6,1978,6694,2.5,0,2,1,9,1261,551,2012,0,98090,47.582406390543085,-122.12829780917993,676595
806,2,2.0,2895,7136,3.0,0,1,2,3,2198,502,2020,0,98008,47.730465241289345,-122.02192490691792,876790
807,3,1.7,3087,6485,3.0,0,3,3,10,3014,698,1919,0,98015,47.71082329858225,-122.05382640473869,1459188
808,3,2.1,1271,5164,1.5,0,1,3,9,1624,244,1972,0,98007,47.361144360590295,-121.88307257737453,773255
809,1,1.2,1929,3346,2.5,0,1,5,6,3222,308,1958,0,98017,47.724293828515435,-122.0897885357652,956451
810,5,2.6,2623,6039,2.5,0,0,1,7,1184,230,1968,0,98086,47.50703430972022,-121.9549790489096,797532
811,4,1.2,1078,5897,3.0,0,0,2,12,1664,1406,1986,1996,98118,47.426848414997906,-122.32590499082347,848766
812,2,3.4,3401,9252,2.5,0,3,3,3,637,154,1932,0,98064,47.73488428400696,-122.02527219078765,1193804
813,1,1.7,2015,6041,3.0,0,2,2,6,1077,1198,2001,1996,98012,47.516012399816866,-121.86846411713212,1037448
814,1,2.6,693,4901,1.5,0,0,4,3,1209,847,2019,0,98056,47.704182345088405,-122.22998737047011,337531
815,2,3.6,2507,2337,3.0,0,2,3,3,727,114,1977,0,98174,47.43170180597792,-121.95462706886295,998490
816,4,3.0,1685,2184,2.5,0,3,3,12,2828,1413,1916,0,98175,47.30196466071111,-121.99264748916319,966166
817,1,2.6,2894,5426,2.5,0,0,4,3,3231,310,1956,0,98101,47.54772959645147,-122.45833166218972,1048652
818,1,2.0,3498,2551,3.0,0,2,5,9,1327,992,1982,0,98016,47.35011412832144,-122.09294418326314,1579516
819,5,2.0,1884,2629,3.0,0,0,3,9,930,299,1996,0,98197,47.67718797776245,-122.40886745555943,886095
820,4,3.0,2292,2526,3.0,0,3,2,6,1563,1041,1900,0,98002,47.4380375680347,-121.82287657943859,925321
821,1,4.0,1610,2361,2.0,0,3,1,4,2209,783,1912,0,98128,47.52182282330174,-121.93201474810954,657579
822,4,3.0,3833,5370,2.5,0,0,2,5,2186,11,2009,0,98092,47.34351678254578,-122.42319333912701,1373356
823,2,2.7,2761,6283,2.5,0,2,5,10,1734,1427,1926,0,98105,47.44332962422362,-122.41477360164663,1427150
824,3,3.2,2436,8610,2.0,0,1,1,10,801,231,1969,0,98182,47.690745121629284,-122.08386830156117,852754
825,1,2.4,3120,2993,3.0,0,1,2,8,1609,954,1958,0,98155,47.37579395595116,-122.25857757807877,994301
826,5,1.2,1279,1869,1.5,0,0,2,12,1920,729,1905,1996,98031,47.623579780563475,-122.47556589864882,800033
827,2,2.7,761,2014,3.0,0,2,4,11,1032,1301,1996,1996,98169,47.75871292640225,-122.12085094451686,962934
828,4,3.9,1229,1602,3.0,0,1,5,11,1268,1376,1993,1996,98164,47.63991837987886,-122.2285084302199,967606
829,2,1.5,782,1690,2.0,0,3,4,6,2438,1017,2009,0,98047,47.70551084464611,-122.42924645533978,593979
830,1,3.1,1990,9685,2.5,0,2,1,3,1904,998,1998,0,98043,47.35448581465195,-121.93865572542082,613425
831,4,1.6,3951,1489,3.0,0,1,4,3,943,302,1922,0,98065,47.42536591300102,-121.85944626430484,1323189
832,3,2.6,861,7864,2.5,0,2,5,12,759,540,1909,0,98050,47.74726942612029,-121.97038424619011,719337
833,2,1.3,940,8240,1.0,1,0,3,7,2038,469,1950,1996,98001,47.65755280680904,-121.92430438298861,688757
834,1,2.4,2640,8786,2.5,0,2,3,4,1831,812,1918,0,98185,47.61977691318865,-122.34845660291371,827213
835,5,3.3,2144,9024,1.5,1,1,1,8,3286,76,1950,0,98144,47.63188336806085,-122.31549893435698,878176
836,4,2.0,3300,1294,1.5,0,0,3,9,3343,1019,1991,0,98122,47.50710027715232,-122.35403072179056,1328249
837,2,3.0,1366,6488,3.0,0,2,4,3,569,23,1986,1996,98028,47.32227831580882,-121.9644555980441,835474
838,2,3.4,1947,5027,2.5,0,3,1,8,1977,1038,1967,0,98086,47.69222077103536,-121.83645804474585,714900
839,3,3.8,641,3912,3.0,0,1,5,10,1962,675,1983,0,98082,47.639356618107676,-121.99821395528626,729224
840,3,1.7,1814,5744,2.0,0,0,1,7,2348,524,1982,0,98022,47.53640223205636,-121.88297326458431,620080
841,5,2.2,1955,2873,1.5,0,2,1,9,980,346,1941,0,98041,47.749879807684124,-122.05291063358177,791550
842,5,1.5,3296,4258,3.0,0,3,2,12,1667,171,1990,1996,98076,47.46807983249255,-122.22863806960883,1499643
843,1,4.0,2375,3817,2.0,0,1,2,8,2571,1350,1956,0,98147,47.44716087211562,-122.20196686954878,829855
844,1,3.8,2347,9636,3.0,0,3,1,6,3293,711,1997,0,98089,47.73639816253972,-122.44727499748282,896196
845,5,2.6,2212,4641,2.5,0,2,3,9,3392,488,1967,1996,98178,47.69849382737949,-122.47797996332778,992675
846,5,3.5,3200,5458,2.5,0,2,2,12,1698,1485,2019,0,98059,47.55748990532417,-122.01316707706765,1421849
847,4,2.6,1200,6307,2.5,1,0,5,11,2872,377,1937,0,98069,47.36536736972892,-122.19309977559217,996526
848,3,2.9,1497,9933,2.5,0,3,4,12,2392,1187,1961,0,98162,47.40753573573252,-122.11344945236176,845500
849,1,1.3,2596,3041,1.0,0,0,2,12,2194,371,1906,0,98167,47.6281139952044,-122.10963712666431,892637
850,3,3.3,1825,1679,2.0,0,1,1,9,2383,999,2011,0,98123,47.4925206189202,-122.30583693066669,801936
851,3,1.4,1380,6738,2.0,0,0,3,7,1871,976,1970,0,98074,47.718236595832984,-122.16687524241935,628684
852,5,3.5,1713,6668,2.5,0,1,4,9,1297,1447,1949,1996,98007,47.7749775046661,-122.1704678448326,939253
853,4,3.3,1659,8697,1.0,0,2,2,5,517,756,1951,0,98101,47.70281846263746,-122.2281009451405,689928
854,2,3.1,1054,9033,2.5,0,2,3,4,543,476,1925,1996,98111,47.488772711497774,-121.92552723161924,559017
855,4,1.1,903,1062,1.0,0,3,3,7,654,381,1925,0,98180,47.69434321461571,-122.18418519741869,533053
856,4,1.9,1391,8829,2.5,0,1,3,6,1366,154,2017,0,98188,47.47572083673534,-122.0774488328458,662782
857,3,1.8,3412,8352,1.5,1,2,1,7,3469,256,1918,1996,98052,47.38355004388281,-121.87313591573341,1427982
858,4,2.1,1101,7915,1.5,0,3,5,10,1242,673,1908,0,98024,47.31669660243293,-121.89363646399875,891252
859,1,1.3,2330,9326,3.0,0,3,3,6,2351,67,1960,0,98026,47.49285835638051,-121.87670445735458,895426
860,3,3.8,840,4644,2.5,0,0,4,11,1925,343,1919,0,98125,47.751779651848636,-122.3109965024745,661972
861,1,2.7,2468,5970,2.0,0,3,2,9,724,1300,2005,0,98090,47.419493293877835,-122.47551225818435,904088
862,2,1.9,1203,9003,3.0,0,2,4,12,716,672,2008,0,98122,47.40325658246489,-122.31725324007327,888615
863,3,2.2,817,4278,1.5,0,0,1,9,530,390,1949,0,98010,47.78491039262052,-122.3049048580655,473837
864,2,2.3,3165,8296,2.5,0,1,1,10,2392,1472,1979,0,98017,47.312502056425295,-121.86344777129251,978643
865,3,2.8,1886,4074,3.0,0,1,4,8,1582,258,2017,0,98002,47.692891075196876,-122.04553008701342,1037515
866,5,2.5,2929,9312,2.5,0,2,5,10,2415,306,1980,1996,98112,47.460684977870436,-122.44280722827844,1643486
867,4,3.8,2780,8552,1.5,0,2,1,5,1397,1118,1921,1996,98027,47.318743978434824,-122.40523498279222,1035125
868,5,2.5,2300,2637,3.0,0,0,1,12,3482,949,1912,0,98071,47.758901270104786,-122.39102671212062,912623
869,2,4.0,1867,6103,1.5,0,0,4,12,944,1487,1911,1996,98176,47.36982116510479,-122.05870477628176,1209440
870,4,3.6,2072,1644,1.0,0,2,1,3,1758,969,1909,0,98118,47.575889641862844,-121.9852101821451,737042
871,3,1.6,1316,3032,1.5,0,2,5,8,1630,245,1964,0,98009,47.43702710371477,-121.89824926260422,796106
872,4,3.8,1052,3761,2.5,0,1,5,3,1714,732,1995,0,98086,47.332596401092346,-121.84155441443562,539396
873,1,1.3,1355,3068,2.0,0,1,5,11,2515,186,1929,0,98023,47.324961242831684,-122.35880680982949,912748
874,4,3.5,2312,1241,1.5,0,1,2,4,3077,924,1907,0,98199,47.35777834941817,-122.28315926069317,827860
875,1,2.1,3366,3668,2.0,0,2,5,4,2436,784,1920,0,98073,47.33568350694469,-122.33177398347861,1320269
876,4,3.6,682,1802,1.0,0,3,5,9,1237,1396,1921,0,98027,47.68027905775996,-122.2488669027737,644735
877,1,3.6,3612,6059,3.0,0,2,2,4,2202,1429,1917,0,98093,47.54278310114171,-121.85973442480338,1117497
878,2,3.4,2074,1195,3.0,0,2,3,12,1373,407,1965,1996,98081,47.47144604567449,-122.09742120314245,1128799
879,5,3.4,896,3187,2.0,0,1,1,10,1065,1148,1947,0,98084,47.509184455066,-121.98326567187284,600020
880,3,1.9,2227,3330,3.0,0,2,5,8,2518,1360,1943,0,98199,47.76447336778631,-122.15691653471126,1155000
881,4,1.2,3326,5841,1.5,0,0,1,9,2385,340,1908,0,98043,47.75537590636907,-122.47979946066471,1367296
882,5,2.2,2017,4606,2.0,0,2,4,9,2623,562,1966,0,98007,47.65783824006129,-122.45506315980153,1069244
883,3,1.5,1406,9468,2.5,0,2,1,8,1046,1201,1953,0,98092,47.74234118871084,-122.12345387811249,479640
884,3,3.1,1856,1060,1.5,0,2,2,12,2814,650,1925,0,98083,47.459824013793806,-121.99684767562599,976079
885,1,2.0,2674,4927,1.5,0,2,1,11,816,951,1984,0,98191,47.49055466300414,-122.34926863072988,1026707
886,2,3.9,500,7296,1.5,0,3,1,11,2359,1193,1993,1996,98084,47.60685609092711,-121.99466329820538,541129
887,2,2.9,3739,3591,2.5,0,2,1,9,524,1062,1991,0,98044,47.61181297364863,-121.93253395856154,1427067
888,5,3.5,518,9758,1.0,0,0,3,11,659,68,1999,1996,98167,47.54084991900617,-122.21167176514652,634154
889,2,1.4,3903,7121,3.0,1,0,3,12,3143,1259,1925,1996,98040,47.50032892421898,-121.97750653700912,1891938
890,4,3.6,1083,2200,2.0,0,2,4,5,1637,380,1933,0,98135,47.79309015580434,-122.21717903477008,686965
891,2,3.8,955,3854,1.0,0,1,2,5,1399,56,1907,0,98198,47.71056181305886,-122.02515455938149,495206
892,5,2.5,3504,8024,2.0,0,3,1,3,3049,1300,1909,0,98025,47.51749009894402,-121.96520206547632,1037993
893,2,2.8,2536,7972,3.0,0,2,1,7,1689,849,1947,0,98059,47.66364623861978,-121.80565136718432,916552
894,4,3.3,1632,1136,2.5,0,2,1,6,1202,1122,1954,0,98141,47.434780846626225,-122.25822233655548,661089
895,1,1.5,3839,2029,1.5,0,2,1,4,500,915,2006,0,98103,47.350084663118665,-122.21227145359777,1146724
896,5,2.5,2992,3594,1.5,0,1,3,11,2422,324,2013,0,98086,47.47621551277637,-122.38406595841288,1296381
897,1,2.2,3811,8206,2.5,0,1,4,5,3288,460,1953,1996,98112,47.501486400061694,-122.35714885911874,1585556
898,1,1.4,2452,1661,1.0,0,1,5,10,2867,178,1977,0,98086,47.30826856228033,-122.01462349818114,1260568
899,1,2.1,3872,3472,1.0,0,3,2,8,1924,843,1939,1996,98098,47.707396000817944,-121.85806808689186,1644296
900,3,1.2,3149,1086,2.0,0,0,1,7,881,573,2018,0,98062,47.47959670119459,-122.22377653383712,1001153
901,3,1.1,2650,7219,2.5,0,3,4,3,2241,118,1914,1996,98008,47.59020908289007,-122.37410888721512,1271964
902,1,1.4,1487,9143,1.0,0,1,5,6,2326,1492,1980,0,98113,47.33698159363548,-122.30043035043191,727539
903,5,3.9,3821,7968,2.5,0,0,4,5,1773,548,2016,0,98173,47.38749841437529,-122.1814638066343,1523963
904,4,2.6,1019,3773,3.0,1,0,3,3,2048,645,1917,0,98146,47.74484686266378,-122.29654476944424,594471
905,4,3.9,3724,2700,1.5,0,1,5,7,2078,1478,1995,0,98060,47.6043437639414,-122.3364946418147,1511180
906,2,2.3,1358,3700,1.5,0,1,4,8,1397,25,2001,0,98060,47.77514202508524,-121.98481085787004,697783
907,5,1.9,673,7815,1.5,0,3,3,4,1216,1031,1922,0,98106,47.79937501719566,-122.49450855513156,367733
908,3,2.5,1866,2647,2.5,0,1,4,5,2854,968,1961,0,98002,47.48593005766654,-122.12253863086445,834245
909,1,2.3,3552,7038,2.5,0,0,4,8,890,532,1945,0,98194,47.449401532041634,-121.94436323507917,1309412
910,2,1.3,2978,6164,2.0,0,2,5,6,2199,148,1986,0,98091,47.72917802757954,-122.31364019957778,1482414
911,4,2.9,1226,6520,1.5,0,1,3,11,2845,1048,1998,0,98014,47.79930571351873,-122.07769594257158,703546
912,3,1.6,2210,4687,2.0,0,1,1,7,732,654,1938,0,98048,47.61482061711622,-122.03176992606697,933008
913,3,2.9,2375,1596,1.5,0,3,2,6,2426,944,1914,1996,98103,47.69757036125576,-122.04148271251644,1007581
914,1,3.0,3397,5545,2.0,0,3,5,4,2818,554,1952,0,98056,47.69087292940763,-122.1879052560609,1325206
915,4,1.5,2181,9676,2.0,0,1,3,8,1819,424,1987,0,98012,47.47766985410977,-122.25739540848696,1005539
916,5,1.2,1847,9837,3.0,0,0,4,12,3224,292,1963,1996,98055,47.58713519012854,-121.91485314888052,1087111
917,3,3.3,1489,5757,2.0,0,0,3,4,1205,1208,1962,0,98156,47.716528470632106,-121.9690878301001,484029
918,1,2.4,3186,5384,2.5,0,2,2,9,733,553,1991,0,98110,47.644056938130525,-122.27512137861027,1250872
919,5,1.2,919,9912,2.0,0,1,2,5,1891,430,1979,0,98004,47.31058190699102,-122.42788656389045,473919
920,4,4.0,1093,5733,1.5,0,3,1,11,3392,603,1915,0,98036,47.468352834448766,-122.44973471818817,738253
921,3,1.2,3032,8081,2.0,0,0,1,7,1755,316,2003,0,98178,47.3722378482973,-122.43400681547074,1006885
922,5,3.1,2274,9690,1.0,0,2,2,10,2396,397,2002,0,98131,47.41648610603902,-122.09199144716557,917533
923,5,4.0,2959,8117,1.5,0,1,5,8,3038,1347,1969,0,98001,47.75274473874566,-122.46383647691971,1486916
924,5,1.7,1435,5729,1.0,0,0,5,12,3050,595,1965,0,98017,47.31844664445538,-122.26415118752517,1115118
925,3,1.4,1607,2673,1.5,0,1,4,10,1389,545,2017,0,98199,47.40990035598096,-121.97276020866003,886564
926,3,1.4,1636,9306,2.5,0,1,1,5,1091,75,1912,1996,98062,47.45478467611911,-122.29395628343923,712509
927,2,1.9,831,8178,2.5,0,0,4,5,1245,864,2007,0,98048,47.608442035983195,-121.96568434597391,521241
928,4,1.3,3949,3294,2.5,0,0,1,7,2219,915,1946,1996,98062,47.56705084504293,-121.97817307325506,1296925
929,1,3.1,3202,4630,1.0,0,0,2,12,927,708,2022,1996,98069,47.40913474142669,-122.32792100715675,1409544
930,5,1.2,2588,1146,3.0,0,1,5,5,3244,485,1908,0,98147,47.38212053361158,-121.98982447393507,984107
931,2,2.5,2293,4453,1.5,0,1,5,10,3193,1111,1962,0,98103,47.41839901729806,-121.97655635320953,1087526
932,1,4.0,1458,5507,2.5,0,2,2,12,1231,746,1933,0,98110,47.551264813350826,-122.22178225203308,879028
933,2,3.4,604,6783,1.5,0,3,4,10,1299,1255,1980,1996,98162,47.4355888928556,-122.35270566138094,739035
934,3,2.8,701,8751,1.0,0,1,4,4,2911,1030,1990,0,98177,47.77380125080386,-122.13511043517569,418563
935,5,1.9,2997,6628,3.0,0,3,3,6,701,549,1928,1996,98175,47.53193261071442,-121.85502168839986,1225812
936,1,2.9,2342,9328,1.0,0,0,1,12,3429,975,1936,0,98091,47.329398008272314,-122.05226828729755,987057
937,1,2.6,2366,4360,1.5,0,1,4,3,2693,1075,1942,0,98114,47.66463320291832,-122.37895425166091,755155
938,1,2.3,2496,4005,3.0,0,2,2,6,1335,941,1985,0,98178,47.464422644104495,-122.02207015268654,887244
939,1,1.4,1789,4552,3.0,0,2,4,6,3186,918,2014,0,98089,47.62674446602912,-122.20095788090272,713040
940,1,3.7,1409,1018,1.0,0,3,5,12,634,1419,1963,0,98154,47.43979718526161,-122.08592984185124,1114674
941,2,2.3,709,3242,2.5,1,0,1,11,3173,1244,1923,0,98056,47.58537187086666,-121.98615517548382,765887
942,5,1.6,1062,7318,1.5,0,3,3,5,1787,1451,1970,0,98078,47.68607625240373,-122.13953685393989,486208
943,3,2.1,3689,6097,2.0,0,0,1,4,2611,1166,1933,0,98014,47.76400437088727,-121.93021121779869,1092477
944,3,2.2,3260,9640,2.0,0,2,5,11,3038,362,1947,1996,98025,47.430563572216535,-121.99449109447836,1918111
945,3,3.5,3948,2948,1.0,0,3,5,11,540,381,1911,1996,98132,47.46742847549949,-122.06944866198704,2157656
946,3,3.2,2063,6618,1.5,0,2,5,3,1412,1300,1922,0,98032,47.532133210142966,-122.39444502891736,882557
947,2,3.3,1270,5236,1.5,0,2,5,8,2229,270,1978,0,98082,47.76358741886799,-121.9148356223619,836020
948,4,1.0,3655,7901,1.0,0,0,2,12,1474,1037,1996,0,98078,47.75069342840533,-121.84486609027613,1465273
949,5,2.2,3001,2920,1.5,0,3,3,10,1633,297,2020,0,98193,47.344939140050315,-122.40412441333349,1199240
950,1,2.4,3214,5188,2.5,0,3,5,5,2915,1003,1912,0,98106,47.365964912876905,-122.1582312093966,1500887
951,4,1.1,1128,1238,1.0,0,2,5,11,1959,1487,1986,0,98189,47.54775458866531,-122.31877788062064,836310
952,3,1.8,2128,1204,2.5,0,2,4,4,3465,233,2001,1996,98020,47.353309636402706,-121.9718336848021,1002046
953,4,3.3,2201,6552,1.5,0,0,3,8,2540,574,1995,1996,98074,47.472790436674345,-121.99485925479671,1043378
954,5,1.4,886,5927,1.0,0,1,1,3,743,26,1944,0,98010,47.37419268910874,-122.40138041560073,312716
955,1,2.6,2435,5390,1.5,0,1,3,9,3449,1494,2013,0,98123,47.61802017756594,-121.88608091011685,967074
956,1,1.6,3921,3687,1.0,0,2,3,5,665,92,1998,0,98034,47.77474771586958,-122.3733188552154,1290979
957,5,1.0,2843,5951,1.5,0,1,3,9,1549,616,1964,0,98189,47.79836688514719,-121.94191868204632,1331707
958,5,1.7,2805,7160,2.5,0,1,5,6,1997,308,1946,0,98155,47.48762056624845,-122.1801137482604,1148905
959,3,3.9,1604,6388,2.5,0,1,5,11,1227,51,1957,0,98040,47.5995063185573,-122.2702093945093,931614
960,1,3.4,767,6126,1.5,0,1,2,7,1615,318,2008,0,98193,47.72813382676204,-122.38923251612805,424960
961,4,3.9,2966,1816,1.0,0,2,1,5,982,180,1904,1996,98127,47.35873103639819,-122.38267002069736,1002130
962,2,2.5,2782,1192,2.0,0,1,4,10,3090,1143,2020,0,98033,47.64478220552598,-122.03667661170937,1330768
963,2,1.3,2356,2776,2.5,0,1,3,8,3478,874,1976,1996,98196,47.50442183086253,-122.11469872843702,1185984
964,5,2.6,3882,4645,2.5,0,0,1,4,2947,1066,2017,1996,98071,47.40307308014008,-122.41454020484413,1164200
965,3,2.4,2498,7314,2.0,0,2,1,5,1730,646,1904,1996,98137,47.50137680937372,-122.42111149769318,1093940
966,2,3.5,3533,9442,1.5,0,3,2,10,3166,1283,1959,0,98144,47.337980143482454,-122.44938259765905,1396985
967,1,1.3,1880,2788,1.0,0,3,4,12,3426,196,1995,0,98133,47.64770357429465,-121.97936285683852,1054185
968,5,2.5,1736,8374,1.5,0,0,3,9,2648,644,2014,0,98098,47.426371334374224,-122.0016825403395,891485
969,4,1.5,1073,4700,3.0,0,0,4,12,1379,970,1920,0,98124,47.45570282252243,-122.4590983064018,901825
970,5,2.0,548,4893,2.5,0,2,2,8,1329,254,1923,0,98151,47.36054064912073,-122.10781094708211,600803
971,4,3.2,1650,7811,3.0,0,3,5,3,2524,731,2023,0,98043,47.73232955694494,-122.44072669133011,788730
972,5,2.4,722,3679,2.5,0,1,1,11,1258,335,1917,0,98114,47.54672213964137,-121.86737796057373,543272
973,5,2.1,3468,4904,2.5,0,0,3,5,662,989,1920,0,98089,47.586073438893195,-121.8650178065739,1182681
974,5,2.2,3850,8260,3.0,0,3,5,7,1696,899,1953,1996,98185,47.58471634154743,-122.01123690713081,2018479
975,4,2.4,1931,1504,3.0,0,2,2,9,3049,1278,1909,0,98179,47.50524655727067,-121.85166775499238,906479
976,4,3.4,2028,7773,1.5,1,1,4,9,3094,513,1923,0,98013,47.39626495771907,-121.93198287871041,1308800
977,5,3.7,3865,4816,3.0,1,2,1,5,1807,241,2003,0,98128,47.6725663742492,-121.92002299685106,1229636
978,2,3.9,2319,1717,1.5,0,0,3,6,2928,148,2010,0,98152,47.36352813267884,-122.10120450460104,741618
979,3,3.4,2824,5434,1.5,0,3,5,12,3417,1322,1984,0,98139,47.3519368951394,-122.28575856124867,1584535
980,3,1.9,1961,1658,1.5,0,3,5,9,3452,756,1988,0,98052,47.65507251879825,-122.34754061941851,1007369
981,3,3.1,1630,6057,2.5,0,3,1,10,2495,619,2015,0,98017,47.40441851022599,-122.27095998457276,727757
982,4,2.3,2181,5008,2.5,0,3,4,4,2434,452,1959,0,98165,47.453386375676416,-122.06005319893765,843976
983,4,1.8,2967,5994,3.0,0,1,2,11,2056,1416,1956,0,98013,47.53761373350087,-122.37914042491732,1174389
984,2,3.5,3158,5234,2.5,0,1,4,9,3156,211,2022,0,98190,47.52467565836477,-122.31895183435387,1440143
985,3,1.1,874,4764,3.0,0,2,4,10,806,667,1922,0,98084,47.6542895625325,-122.17235739604317,641031
986,3,3.7,2620,5637,2.5,0,1,4,8,1862,593,1921,0,98097,47.61171589672168,-122.33686493103276,1214409
987,5,2.4,2521,3104,1.0,0,0,1,8,2602,130,1967,0,98106,47.62219808114093,-122.08794943119875,1037054
988,4,2.9,1553,7801,1.0,0,0,1,11,832,1352,1933,1996,98096,47.657027165327726,-121.85377678008057,737751
989,3,3.0,3759,9575,3.0,0,3,2,6,2674,611,2019,1996,98008,47.44630636371173,-121.97633744400781,1422931
990,2,3.7,3935,3607,2.5,0,0,4,7,3252,255,1969,0,98056,47.461166655900236,-122.03350137009576,1640536
991,2,2.9,2389,9385,2.5,0,2,1,11,742,560,1927,0,98104,47.51899887394777,-122.09209496681136,1041179
992,3,2.8,2323,4719,1.5,0,1,2,3,2384,62,1994,0,98083,47.45373108651676,-122.15843646352005,726131
993,4,1.2,1974,3581,2.0,0,1,2,6,3147,1334,1998,0,98198,47.79246893448543,-122.36940529825574,751628
994,2,2.6,2742,3565,3.0,0,1,4,9,1932,406,1938,0,98044,47.70702596321071,-121.8737026812012,1254539
995,5,1.5,1679,3763,2.0,0,0,3,11,3050,801,1941,0,98188,47.382327344128015,-122.326024798591,897853
996,2,3.2,3743,7328,2.0,0,1,4,12,3151,1128,1922,0,98103,47.30279707794093,-122.43608378569529,1645609
997,1,2.5,3394,6991,3.0,0,3,3,8,802,14,1969,0,98112,47.32139163412363,-121.97498937453992,1404451
998,1,3.0,1564,4406,2.5,0,3,2,10,734,258,1979,0,98169,47.42203172552146,-122.37706912596818,764514
999,4,1.1,3634,9923,3.0,0,3,1,11,2686,722,1901,0,98149,47.357145642918425,-122.23967280032117,1150155
1000,3,1.3,2570,5780,2.0,0,0,5,12,694,1435,1923,0,98042,47.56666905744628,-122.48020055019632,1348843
